Time,Month,EcoregionName,EcoregionIndex,NumSites,ppt,airtemp,avgNPPtc,avgResp,avgNEE,Ndep,StreamN,
1, 7, eco17, 12, 1, 4.7, 16.7, 253.87, 82.72, -171.15, 0.11, 0, 
1, 8, eco17, 12, 1, 5.8, 16.5, 258.39, 120.72, -137.67, 0.12, 0, 
1, 9, eco17, 12, 1, 6.8, 14.2, 260.88, 173.32, -87.56, 0.14, 0, 
1, 10, eco17, 12, 1, 9.3, 11.3, 237.08, 131.36, -105.72, 0.18, 0, 
1, 11, eco17, 12, 1, 9.6, 7.4, 5.94, 73.08, 67.14, 0.18, 0, 
1, 12, eco17, 12, 1, 9.7, 5.2, 4.14, 58.95, 54.82, 0.19, 0, 
1, 1, eco17, 12, 1, 9.1, 4.7, 3.79, 54.07, 50.28, 0.18, 0, 
1, 2, eco17, 12, 1, 6.5, 4.8, 3.88, 52.03, 48.15, 0.13, 0, 
1, 3, eco17, 12, 1, 6.2, 6.5, 5.25, 80.58, 75.33, 0.13, 0, 
1, 4, eco17, 12, 1, 5.3, 8.6, 50.76, 99.68, 48.92, 0.11, 0, 
1, 5, eco17, 12, 1, 5.2, 11.7, 145.92, 108.76, -37.16, 0.11, 0, 
1, 6, eco17, 12, 1, 5.4, 14.7, 289.61, 107.33, -182.27, 0.12, 0, 
2, 7, eco17, 12, 1, 4.7, 16.7, 251.4, 80.83, -170.57, 0.11, 0, 
2, 8, eco17, 12, 1, 5.8, 16.5, 239.07, 118.24, -120.84, 0.12, 0, 
2, 9, eco17, 12, 1, 6.8, 14.2, 255.89, 182.7, -73.19, 0.14, 0, 
2, 10, eco17, 12, 1, 9.3, 11.3, 235.66, 135.57, -100.09, 0.18, 0, 
2, 11, eco17, 12, 1, 9.6, 7.4, 6.29, 74.8, 68.51, 0.18, 0, 
2, 12, eco17, 12, 1, 9.7, 5.2, 4.79, 60.09, 55.3, 0.19, 0, 
2, 1, eco17, 12, 1, 9.1, 4.7, 4.57, 54.95, 50.37, 0.18, 0, 
2, 2, eco17, 12, 1, 6.5, 4.8, 4.69, 52.74, 48.05, 0.13, 0, 
2, 3, eco17, 12, 1, 6.2, 6.5, 6.33, 81.56, 75.23, 0.13, 0, 
2, 4, eco17, 12, 1, 5.3, 8.6, 51.75, 100.72, 48.97, 0.11, 0, 
2, 5, eco17, 12, 1, 5.2, 11.7, 147.45, 109.63, -37.82, 0.11, 0, 
2, 6, eco17, 12, 1, 5.4, 14.7, 293.75, 107.94, -185.81, 0.12, 0, 
3, 7, eco17, 12, 1, 4.7, 16.7, 258.5, 81.13, -177.37, 0.11, 0, 
3, 8, eco17, 12, 1, 5.8, 16.5, 251.91, 118.54, -133.37, 0.12, 0, 
3, 9, eco17, 12, 1, 6.8, 14.2, 262.41, 184.33, -78.09, 0.14, 0, 
3, 10, eco17, 12, 1, 9.3, 11.3, 238.14, 136.68, -101.47, 0.18, 0, 
3, 11, eco17, 12, 1, 9.6, 7.4, 6.56, 75.24, 68.68, 0.18, 0, 
3, 12, eco17, 12, 1, 9.7, 5.2, 4.78, 60.37, 55.59, 0.19, 0, 
3, 1, eco17, 12, 1, 9.1, 4.7, 4.39, 55.16, 50.77, 0.18, 0, 
3, 2, eco17, 12, 1, 6.5, 4.8, 4.51, 52.9, 48.39, 0.13, 0, 
3, 3, eco17, 12, 1, 6.2, 6.5, 6.09, 81.91, 75.81, 0.13, 0, 
3, 4, eco17, 12, 1, 5.3, 8.6, 51.15, 101.13, 49.97, 0.11, 0, 
3, 5, eco17, 12, 1, 5.2, 11.7, 147.86, 109.99, -37.88, 0.11, 0, 
3, 6, eco17, 12, 1, 5.4, 14.7, 296.25, 108.23, -188.03, 0.12, 0, 
4, 7, eco17, 12, 1, 4.7, 16.7, 262.5, 81.31, -181.19, 0.11, 0, 
4, 8, eco17, 12, 1, 5.8, 16.5, 260.52, 118.77, -141.75, 0.12, 0, 
4, 9, eco17, 12, 1, 6.8, 14.2, 269.57, 185.53, -84.04, 0.14, 0, 
4, 10, eco17, 12, 1, 9.3, 11.3, 240.51, 137.68, -102.83, 0.18, 0, 
4, 11, eco17, 12, 1, 9.6, 7.4, 6.53, 75.71, 69.17, 0.18, 0, 
4, 12, eco17, 12, 1, 9.7, 5.2, 4.56, 60.7, 56.14, 0.19, 0, 
4, 1, eco17, 12, 1, 9.1, 4.7, 4.2, 55.43, 51.23, 0.18, 0, 
4, 2, eco17, 12, 1, 6.5, 4.8, 4.31, 53.15, 48.83, 0.13, 0, 
4, 3, eco17, 12, 1, 6.2, 6.5, 5.84, 82.34, 76.5, 0.13, 0, 
4, 4, eco17, 12, 1, 5.3, 8.6, 50.37, 101.65, 51.28, 0.11, 0, 
4, 5, eco17, 12, 1, 5.2, 11.7, 147.32, 110.51, -36.81, 0.11, 0, 
4, 6, eco17, 12, 1, 5.4, 14.7, 298.11, 108.7, -189.41, 0.12, 0, 
5, 7, eco17, 12, 1, 4.7, 16.7, 267.87, 81.65, -186.22, 0.11, 0, 
5, 8, eco17, 12, 1, 5.8, 16.5, 268.53, 119.25, -149.28, 0.12, 0, 
5, 9, eco17, 12, 1, 6.8, 14.2, 277.89, 188.81, -89.08, 0.14, 0, 
5, 10, eco17, 12, 1, 9.3, 11.3, 246.41, 139.94, -106.47, 0.18, 0, 
5, 11, eco17, 12, 1, 9.6, 7.4, 6.17, 76.99, 70.82, 0.18, 0, 
5, 12, eco17, 12, 1, 9.7, 5.2, 4.32, 61.65, 57.33, 0.19, 0, 
5, 1, eco17, 12, 1, 9.1, 4.7, 3.97, 56.23, 52.26, 0.18, 0, 
5, 2, eco17, 12, 1, 6.5, 4.8, 4.09, 53.87, 49.78, 0.13, 0, 
5, 3, eco17, 12, 1, 6.2, 6.5, 5.54, 83.33, 77.79, 0.13, 0, 
5, 4, eco17, 12, 1, 5.3, 8.6, 51.51, 102.77, 51.26, 0.11, 0, 
5, 5, eco17, 12, 1, 5.2, 11.7, 151.37, 111.64, -39.74, 0.11, 0, 
5, 6, eco17, 12, 1, 5.4, 14.7, 305, 109.72, -195.28, 0.12, 0, 
6, 7, eco17, 12, 1, 4.7, 16.7, 273.11, 82.37, -190.74, 0.11, 0, 
6, 8, eco17, 12, 1, 5.8, 16.5, 279.46, 120.26, -159.2, 0.12, 0, 
6, 9, eco17, 12, 1, 6.8, 14.2, 287.5, 190.14, -97.36, 0.14, 0, 
6, 10, eco17, 12, 1, 9.3, 11.3, 247.26, 141.36, -105.9, 0.18, 0, 
6, 11, eco17, 12, 1, 9.6, 7.4, 5.78, 77.73, 71.96, 0.18, 0, 
6, 12, eco17, 12, 1, 9.7, 5.2, 4.05, 62.22, 58.17, 0.19, 0, 
6, 1, eco17, 12, 1, 9.1, 4.7, 3.74, 56.75, 53.01, 0.18, 0, 
6, 2, eco17, 12, 1, 6.5, 4.8, 3.85, 54.35, 50.5, 0.13, 0, 
6, 3, eco17, 12, 1, 6.2, 6.5, 5.22, 84.05, 78.83, 0.13, 0, 
6, 4, eco17, 12, 1, 5.3, 8.6, 50.56, 103.64, 53.08, 0.11, 0, 
6, 5, eco17, 12, 1, 5.2, 11.7, 150.55, 112.56, -37.98, 0.11, 0, 
6, 6, eco17, 12, 1, 5.4, 14.7, 306.32, 110.62, -195.7, 0.12, 0, 
7, 7, eco17, 12, 1, 4.7, 16.7, 275.22, 83.03, -192.19, 0.11, 0, 
7, 8, eco17, 12, 1, 5.8, 16.5, 286.69, 121.22, -165.47, 0.12, 0, 
7, 9, eco17, 12, 1, 6.8, 14.2, 300.18, 191.91, -108.28, 0.14, 0, 
7, 10, eco17, 12, 1, 9.3, 11.3, 247.87, 143.23, -104.63, 0.18, 0, 
7, 11, eco17, 12, 1, 9.6, 7.4, 5.36, 78.71, 73.35, 0.18, 0, 
7, 12, eco17, 12, 1, 9.7, 5.2, 3.77, 62.98, 59.21, 0.19, 0, 
7, 1, eco17, 12, 1, 9.1, 4.7, 3.48, 57.42, 53.94, 0.18, 0, 
7, 2, eco17, 12, 1, 6.5, 4.8, 3.59, 54.97, 51.39, 0.13, 0, 
7, 3, eco17, 12, 1, 6.2, 6.5, 4.88, 84.93, 80.05, 0.13, 0, 
7, 4, eco17, 12, 1, 5.3, 8.6, 49.54, 104.68, 55.15, 0.11, 0, 
7, 5, eco17, 12, 1, 5.2, 11.7, 149.55, 113.67, -35.88, 0.11, 0, 
7, 6, eco17, 12, 1, 5.4, 14.7, 307.41, 111.69, -195.72, 0.12, 0, 
8, 7, eco17, 12, 1, 4.7, 16.7, 277.7, 83.82, -193.88, 0.11, 0, 
8, 8, eco17, 12, 1, 5.8, 16.5, 291.26, 122.37, -168.89, 0.12, 0, 
8, 9, eco17, 12, 1, 6.8, 14.2, 309.95, 193.69, -116.26, 0.14, 0, 
8, 10, eco17, 12, 1, 9.3, 11.3, 248.25, 145.01, -103.25, 0.18, 0, 
8, 11, eco17, 12, 1, 9.6, 7.4, 4.9, 79.65, 74.75, 0.18, 0, 
8, 12, eco17, 12, 1, 9.7, 5.2, 3.46, 63.71, 60.26, 0.19, 0, 
8, 1, eco17, 12, 1, 9.1, 4.7, 3.2, 58.08, 54.87, 0.18, 0, 
8, 2, eco17, 12, 1, 6.5, 4.8, 3.31, 55.59, 52.28, 0.13, 0, 
8, 3, eco17, 12, 1, 6.2, 6.5, 4.51, 85.82, 81.3, 0.13, 0, 
8, 4, eco17, 12, 1, 5.3, 8.6, 48.45, 105.74, 57.29, 0.11, 0, 
8, 5, eco17, 12, 1, 5.2, 11.7, 148.39, 114.81, -33.57, 0.11, 0, 
8, 6, eco17, 12, 1, 5.4, 14.7, 308.2, 112.8, -195.39, 0.12, 0, 
9, 7, eco17, 12, 1, 4.7, 16.7, 280.17, 84.66, -195.51, 0.11, 0, 
9, 8, eco17, 12, 1, 5.8, 16.5, 295.53, 123.57, -171.96, 0.12, 0, 
9, 9, eco17, 12, 1, 6.8, 14.2, 312.79, 195.5, -117.29, 0.14, 0, 
9, 10, eco17, 12, 1, 9.3, 11.3, 248.43, 146.45, -101.98, 0.18, 0, 
9, 11, eco17, 12, 1, 9.6, 7.4, 4.42, 80.43, 76, 0.18, 0, 
9, 12, eco17, 12, 1, 9.7, 5.2, 3.13, 64.34, 61.21, 0.19, 0, 
9, 1, eco17, 12, 1, 9.1, 4.7, 2.91, 58.65, 55.74, 0.18, 0, 
9, 2, eco17, 12, 1, 6.5, 4.8, 3.02, 56.14, 53.12, 0.13, 0, 
9, 3, eco17, 12, 1, 6.2, 6.5, 4.13, 86.62, 82.49, 0.13, 0, 
9, 4, eco17, 12, 1, 5.3, 8.6, 47.32, 106.72, 59.4, 0.11, 0, 
9, 5, eco17, 12, 1, 5.2, 11.7, 147.06, 115.89, -31.16, 0.11, 0, 
9, 6, eco17, 12, 1, 5.4, 14.7, 308.68, 113.88, -194.79, 0.12, 0, 
10, 7, eco17, 12, 1, 4.7, 16.7, 282.27, 85.47, -196.79, 0.11, 0, 
10, 8, eco17, 12, 1, 5.8, 16.5, 298.72, 124.77, -173.95, 0.12, 0, 
10, 9, eco17, 12, 1, 6.8, 14.2, 314.95, 197.2, -117.75, 0.14, 0, 
10, 10, eco17, 12, 1, 9.3, 11.3, 248.38, 147.82, -100.56, 0.18, 0, 
10, 11, eco17, 12, 1, 9.6, 7.4, 3.92, 81.16, 77.25, 0.18, 0, 
10, 12, eco17, 12, 1, 9.7, 5.2, 2.79, 64.94, 62.15, 0.19, 0, 
10, 1, eco17, 12, 1, 9.1, 4.7, 2.6, 59.2, 56.59, 0.18, 0, 
10, 2, eco17, 12, 1, 6.5, 4.8, 2.71, 56.67, 53.96, 0.13, 0, 
10, 3, eco17, 12, 1, 6.2, 6.5, 3.72, 87.4, 83.68, 0.13, 0, 
10, 4, eco17, 12, 1, 5.3, 8.6, 46.15, 107.68, 61.54, 0.11, 0, 
10, 5, eco17, 12, 1, 5.2, 11.7, 145.56, 116.96, -28.61, 0.11, 0, 
10, 6, eco17, 12, 1, 5.4, 14.7, 308.83, 114.95, -193.88, 0.12, 0, 
11, 7, eco17, 12, 1, 4.7, 16.7, 284.08, 86.29, -197.79, 0.11, 0, 
11, 8, eco17, 12, 1, 5.8, 16.5, 301.21, 125.97, -175.24, 0.12, 0, 
11, 9, eco17, 12, 1, 6.8, 14.2, 316.59, 198.81, -117.78, 0.14, 0, 
11, 10, eco17, 12, 1, 9.3, 11.3, 248.15, 149.12, -99.03, 0.18, 0, 
11, 11, eco17, 12, 1, 9.6, 7.4, 3.39, 81.86, 78.46, 0.18, 0, 
11, 12, eco17, 12, 1, 9.7, 5.2, 2.43, 65.51, 63.07, 0.19, 0, 
11, 1, eco17, 12, 1, 9.1, 4.7, 2.28, 59.72, 57.44, 0.18, 0, 
11, 2, eco17, 12, 1, 6.5, 4.8, 2.39, 57.18, 54.79, 0.13, 0, 
11, 3, eco17, 12, 1, 6.2, 6.5, 3.3, 88.15, 84.85, 0.13, 0, 
11, 4, eco17, 12, 1, 5.3, 8.6, 44.92, 108.62, 63.7, 0.11, 0, 
11, 5, eco17, 12, 1, 5.2, 11.7, 143.91, 118, -25.91, 0.11, 0, 
11, 6, eco17, 12, 1, 5.4, 14.7, 308.71, 116.01, -192.71, 0.12, 0, 
12, 7, eco17, 12, 1, 4.7, 16.7, 285.74, 87.1, -198.65, 0.11, 0, 
12, 8, eco17, 12, 1, 5.8, 16.5, 303.33, 127.15, -176.18, 0.12, 0, 
12, 9, eco17, 12, 1, 6.8, 14.2, 317.78, 200.36, -117.41, 0.14, 0, 
12, 10, eco17, 12, 1, 9.3, 11.3, 247.76, 150.37, -97.39, 0.18, 0, 
12, 11, eco17, 12, 1, 9.6, 7.4, 2.85, 82.52, 79.67, 0.18, 0, 
12, 12, eco17, 12, 1, 9.7, 5.2, 2.06, 66.05, 63.98, 0.19, 0, 
12, 1, eco17, 12, 1, 9.1, 4.7, 1.95, 60.22, 58.27, 0.18, 0, 
12, 2, eco17, 12, 1, 6.5, 4.8, 2.06, 57.66, 55.6, 0.13, 0, 
12, 3, eco17, 12, 1, 6.2, 6.5, 2.86, 88.88, 86.02, 0.13, 0, 
12, 4, eco17, 12, 1, 5.3, 8.6, 43.67, 109.53, 65.85, 0.11, 0, 
12, 5, eco17, 12, 1, 5.2, 11.7, 142.14, 119.02, -23.13, 0.11, 0, 
12, 6, eco17, 12, 1, 5.4, 14.7, 308.38, 117.04, -191.34, 0.12, 0, 
13, 7, eco17, 12, 1, 4.7, 16.7, 286.58, 87.89, -198.69, 0.11, 0, 
13, 8, eco17, 12, 1, 5.8, 16.5, 305.29, 128.32, -176.98, 0.12, 0, 
13, 9, eco17, 12, 1, 6.8, 14.2, 318.61, 201.82, -116.79, 0.14, 0, 
13, 10, eco17, 12, 1, 9.3, 11.3, 247.25, 151.54, -95.71, 0.18, 0, 
13, 11, eco17, 12, 1, 9.6, 7.4, 2.28, 83.14, 80.85, 0.18, 0, 
13, 12, eco17, 12, 1, 9.7, 5.2, 1.68, 66.56, 64.87, 0.19, 0, 
13, 1, eco17, 12, 1, 9.1, 4.7, 1.61, 60.69, 59.08, 0.18, 0, 
13, 2, eco17, 12, 1, 6.5, 4.8, 1.71, 58.12, 56.4, 0.13, 0, 
13, 3, eco17, 12, 1, 6.2, 6.5, 2.4, 89.58, 87.17, 0.13, 0, 
13, 4, eco17, 12, 1, 5.3, 8.6, 42.39, 110.4, 68.01, 0.11, 0, 
13, 5, eco17, 12, 1, 5.2, 11.7, 140.24, 120, -20.25, 0.11, 0, 
13, 6, eco17, 12, 1, 5.4, 14.7, 307.83, 118.04, -189.79, 0.12, 0, 
14, 7, eco17, 12, 1, 4.7, 16.7, 286.88, 88.66, -198.22, 0.11, 0, 
14, 8, eco17, 12, 1, 5.8, 16.5, 307.05, 129.45, -177.61, 0.12, 0, 
14, 9, eco17, 12, 1, 6.8, 14.2, 319.21, 203.17, -116.04, 0.14, 0, 
14, 10, eco17, 12, 1, 9.3, 11.3, 246.54, 152.64, -93.9, 0.18, 0, 
14, 11, eco17, 12, 1, 9.6, 7.4, 1.71, 83.71, 82, 0.18, 0, 
14, 12, eco17, 12, 1, 9.7, 5.2, 1.29, 67.03, 65.74, 0.19, 0, 
14, 1, eco17, 12, 1, 9.1, 4.7, 1.26, 61.13, 59.87, 0.18, 0, 
14, 2, eco17, 12, 1, 6.5, 4.8, 1.37, 58.54, 57.18, 0.13, 0, 
14, 3, eco17, 12, 1, 6.2, 6.5, 1.94, 90.24, 88.3, 0.13, 0, 
14, 4, eco17, 12, 1, 5.3, 8.6, 41.07, 111.22, 70.15, 0.11, 0, 
14, 5, eco17, 12, 1, 5.2, 11.7, 138.22, 120.93, -17.29, 0.11, 0, 
14, 6, eco17, 12, 1, 5.4, 14.7, 307.05, 118.99, -188.05, 0.12, 0, 
15, 7, eco17, 12, 1, 4.7, 16.7, 286.96, 89.4, -197.56, 0.11, 0, 
15, 8, eco17, 12, 1, 5.8, 16.5, 308.59, 130.53, -178.06, 0.12, 0, 
15, 9, eco17, 12, 1, 6.8, 14.2, 319.62, 204.43, -115.19, 0.14, 0, 
15, 10, eco17, 12, 1, 9.3, 11.3, 245.68, 153.68, -92.01, 0.18, 0, 
15, 11, eco17, 12, 1, 9.6, 7.4, 1.12, 84.24, 83.12, 0.18, 0, 
15, 12, eco17, 12, 1, 9.7, 5.2, 0.89, 67.47, 66.57, 0.19, 0, 
15, 1, eco17, 12, 1, 9.1, 4.7, 0.9, 61.54, 60.64, 0.18, 0, 
15, 2, eco17, 12, 1, 6.5, 4.8, 1.01, 58.94, 57.94, 0.13, 0, 
15, 3, eco17, 12, 1, 6.2, 6.5, 1.47, 90.86, 89.39, 0.13, 0, 
15, 4, eco17, 12, 1, 5.3, 8.6, 39.75, 112.01, 72.25, 0.11, 0, 
15, 5, eco17, 12, 1, 5.2, 11.7, 136.11, 121.82, -14.29, 0.11, 0, 
15, 6, eco17, 12, 1, 5.4, 14.7, 306.02, 119.9, -186.12, 0.12, 0, 
16, 7, eco17, 12, 1, 4.7, 16.7, 286.41, 90.11, -196.3, 0.11, 0, 
16, 8, eco17, 12, 1, 5.8, 16.5, 310.18, 131.57, -178.61, 0.12, 0, 
16, 9, eco17, 12, 1, 6.8, 14.2, 319.64, 205.59, -114.05, 0.14, 0, 
16, 10, eco17, 12, 1, 9.3, 11.3, 244.57, 154.63, -89.94, 0.18, 0, 
16, 11, eco17, 12, 1, 9.6, 7.4, 0.52, 84.71, 84.19, 0.18, 0, 
16, 12, eco17, 12, 1, 9.7, 5.2, 0.49, 67.86, 67.37, 0.19, 0, 
16, 1, eco17, 12, 1, 9.1, 4.7, 0.54, 61.91, 61.37, 0.18, 0, 
16, 2, eco17, 12, 1, 6.5, 4.8, 0.64, 59.3, 58.66, 0.13, 0, 
16, 3, eco17, 12, 1, 6.2, 6.5, 0.99, 91.43, 90.44, 0.13, 0, 
16, 4, eco17, 12, 1, 5.3, 8.6, 38.41, 112.74, 74.33, 0.11, 0, 
16, 5, eco17, 12, 1, 5.2, 11.7, 133.95, 122.65, -11.3, 0.11, 0, 
16, 6, eco17, 12, 1, 5.4, 14.7, 304.87, 120.76, -184.1, 0.12, 0, 
17, 7, eco17, 12, 1, 4.7, 16.7, 285.69, 90.77, -194.91, 0.11, 0, 
17, 8, eco17, 12, 1, 5.8, 16.5, 312.57, 132.55, -180.02, 0.12, 0, 
17, 9, eco17, 12, 1, 6.8, 14.2, 319.98, 206.66, -113.32, 0.14, 0, 
17, 10, eco17, 12, 1, 9.3, 11.3, 243.89, 155.51, -88.38, 0.18, 0, 
17, 11, eco17, 12, 1, 9.6, 7.4, 0, 85.14, 85.14, 0.18, 0, 
17, 12, eco17, 12, 1, 9.7, 5.2, 0.08, 68.22, 68.14, 0.19, 0, 
17, 1, eco17, 12, 1, 9.1, 4.7, 0.17, 62.25, 62.08, 0.18, 0, 
17, 2, eco17, 12, 1, 6.5, 4.8, 0.28, 59.63, 59.36, 0.13, 0, 
17, 3, eco17, 12, 1, 6.2, 6.5, 0.5, 91.97, 91.46, 0.13, 0, 
17, 4, eco17, 12, 1, 5.3, 8.6, 37.07, 113.43, 76.36, 0.11, 0, 
17, 5, eco17, 12, 1, 5.2, 11.7, 131.68, 123.44, -8.24, 0.11, 0, 
17, 6, eco17, 12, 1, 5.4, 14.7, 303.49, 121.58, -181.9, 0.12, 0, 
18, 7, eco17, 12, 1, 4.7, 16.7, 285.44, 91.42, -194.03, 0.11, 0, 
18, 8, eco17, 12, 1, 5.8, 16.5, 314.67, 133.5, -181.17, 0.12, 0, 
18, 9, eco17, 12, 1, 6.8, 14.2, 320.85, 207.63, -113.21, 0.14, 0, 
18, 10, eco17, 12, 1, 9.3, 11.3, 243.46, 156.31, -87.15, 0.18, 0, 
18, 11, eco17, 12, 1, 9.6, 7.4, 0, 85.52, 85.52, 0.18, 0, 
18, 12, eco17, 12, 1, 9.7, 5.2, 0, 68.55, 68.55, 0.19, 0, 
18, 1, eco17, 12, 1, 9.1, 4.7, 0, 62.56, 62.56, 0.18, 0, 
18, 2, eco17, 12, 1, 6.5, 4.8, 0, 59.95, 59.95, 0.13, 0, 
18, 3, eco17, 12, 1, 6.2, 6.5, 0.01, 92.48, 92.47, 0.13, 0, 
18, 4, eco17, 12, 1, 5.3, 8.6, 35.71, 114.1, 78.39, 0.11, 0, 
18, 5, eco17, 12, 1, 5.2, 11.7, 129.37, 124.22, -5.15, 0.11, 0, 
18, 6, eco17, 12, 1, 5.4, 14.7, 302.83, 122.39, -180.44, 0.12, 0, 
19, 7, eco17, 12, 1, 4.7, 16.7, 285.16, 92.05, -193.12, 0.11, 0, 
19, 8, eco17, 12, 1, 5.8, 16.5, 316.47, 134.44, -182.04, 0.12, 0, 
19, 9, eco17, 12, 1, 6.8, 14.2, 321.38, 208.55, -112.84, 0.14, 0, 
19, 10, eco17, 12, 1, 9.3, 11.3, 242.81, 157.07, -85.74, 0.18, 0, 
19, 11, eco17, 12, 1, 9.6, 7.4, 0, 85.88, 85.88, 0.18, 0, 
19, 12, eco17, 12, 1, 9.7, 5.2, 0, 68.86, 68.86, 0.19, 0, 
19, 1, eco17, 12, 1, 9.1, 4.7, 0, 62.86, 62.86, 0.18, 0, 
19, 2, eco17, 12, 1, 6.5, 4.8, 0, 60.25, 60.25, 0.13, 0, 
19, 3, eco17, 12, 1, 6.2, 6.5, 0, 92.99, 92.99, 0.13, 0, 
19, 4, eco17, 12, 1, 5.3, 8.6, 34.88, 114.77, 79.89, 0.11, 0, 
19, 5, eco17, 12, 1, 5.2, 11.7, 127.93, 124.99, -2.95, 0.11, 0, 
19, 6, eco17, 12, 1, 5.4, 14.7, 301.95, 123.19, -178.76, 0.12, 0, 
20, 7, eco17, 12, 1, 4.7, 16.7, 284.68, 92.68, -192, 0.11, 0, 
20, 8, eco17, 12, 1, 5.8, 16.5, 318.12, 135.38, -182.75, 0.12, 0, 
20, 9, eco17, 12, 1, 6.8, 14.2, 321.46, 209.41, -112.05, 0.14, 0, 
20, 10, eco17, 12, 1, 9.3, 11.3, 241.91, 157.77, -84.14, 0.18, 0, 
20, 11, eco17, 12, 1, 9.6, 7.4, 0, 86.2, 86.2, 0.18, 0, 
20, 12, eco17, 12, 1, 9.7, 5.2, 0, 69.16, 69.16, 0.19, 0, 
20, 1, eco17, 12, 1, 9.1, 4.7, 0, 63.15, 63.15, 0.18, 0, 
20, 2, eco17, 12, 1, 6.5, 4.8, 0, 60.55, 60.55, 0.13, 0, 
20, 3, eco17, 12, 1, 6.2, 6.5, 0, 93.49, 93.49, 0.13, 0, 
20, 4, eco17, 12, 1, 5.3, 8.6, 34.17, 115.43, 81.26, 0.11, 0, 
20, 5, eco17, 12, 1, 5.2, 11.7, 126.42, 125.75, -0.67, 0.11, 0, 
20, 6, eco17, 12, 1, 5.4, 14.7, 300.85, 123.99, -176.86, 0.12, 0, 
21, 7, eco17, 12, 1, 4.7, 16.7, 284.05, 93.31, -190.74, 0.11, 0, 
21, 8, eco17, 12, 1, 5.8, 16.5, 319.59, 136.32, -183.27, 0.12, 0, 
21, 9, eco17, 12, 1, 6.8, 14.2, 321.12, 210.23, -110.89, 0.14, 0, 
21, 10, eco17, 12, 1, 9.3, 11.3, 240.71, 158.43, -82.28, 0.18, 0, 
21, 11, eco17, 12, 1, 9.6, 7.4, 0, 86.49, 86.49, 0.18, 0, 
21, 12, eco17, 12, 1, 9.7, 5.2, 0, 69.43, 69.43, 0.19, 0, 
21, 1, eco17, 12, 1, 9.1, 4.7, 0, 63.43, 63.43, 0.18, 0, 
21, 2, eco17, 12, 1, 6.5, 4.8, 0, 60.83, 60.83, 0.13, 0, 
21, 3, eco17, 12, 1, 6.2, 6.5, 0, 93.98, 93.98, 0.13, 0, 
21, 4, eco17, 12, 1, 5.3, 8.6, 33.47, 116.07, 82.6, 0.11, 0, 
21, 5, eco17, 12, 1, 5.2, 11.7, 124.88, 126.5, 1.62, 0.11, 0, 
21, 6, eco17, 12, 1, 5.4, 14.7, 299.58, 124.78, -174.8, 0.12, 0, 
22, 7, eco17, 12, 1, 4.7, 16.7, 283.24, 93.93, -189.31, 0.11, 0, 
22, 8, eco17, 12, 1, 5.8, 16.5, 320.91, 137.25, -183.66, 0.12, 0, 
22, 9, eco17, 12, 1, 6.8, 14.2, 320.34, 211, -109.34, 0.14, 0, 
22, 10, eco17, 12, 1, 9.3, 11.3, 239.27, 159.03, -80.24, 0.18, 0, 
22, 11, eco17, 12, 1, 9.6, 7.4, 0, 86.75, 86.75, 0.18, 0, 
22, 12, eco17, 12, 1, 9.7, 5.2, 0, 69.67, 69.67, 0.19, 0, 
22, 1, eco17, 12, 1, 9.1, 4.7, 0, 63.68, 63.68, 0.18, 0, 
22, 2, eco17, 12, 1, 6.5, 4.8, 0, 61.1, 61.1, 0.13, 0, 
22, 3, eco17, 12, 1, 6.2, 6.5, 0, 94.44, 94.44, 0.13, 0, 
22, 4, eco17, 12, 1, 5.3, 8.6, 32.76, 116.69, 83.93, 0.11, 0, 
22, 5, eco17, 12, 1, 5.2, 11.7, 123.25, 127.23, 3.98, 0.11, 0, 
22, 6, eco17, 12, 1, 5.4, 14.7, 298.08, 125.54, -172.54, 0.12, 0, 
23, 7, eco17, 12, 1, 4.7, 16.7, 282.3, 94.53, -187.77, 0.11, 0, 
23, 8, eco17, 12, 1, 5.8, 16.5, 322.14, 138.15, -183.99, 0.12, 0, 
23, 9, eco17, 12, 1, 6.8, 14.2, 319.08, 211.71, -107.38, 0.14, 0, 
23, 10, eco17, 12, 1, 9.3, 11.3, 237.54, 159.57, -77.98, 0.18, 0, 
23, 11, eco17, 12, 1, 9.6, 7.4, 0, 86.97, 86.97, 0.18, 0, 
23, 12, eco17, 12, 1, 9.7, 5.2, 0, 69.89, 69.89, 0.19, 0, 
23, 1, eco17, 12, 1, 9.1, 4.7, 0, 63.9, 63.9, 0.18, 0, 
23, 2, eco17, 12, 1, 6.5, 4.8, 0, 61.34, 61.34, 0.13, 0, 
23, 3, eco17, 12, 1, 6.2, 6.5, 0, 94.88, 94.88, 0.13, 0, 
23, 4, eco17, 12, 1, 5.3, 8.6, 32.07, 117.27, 85.2, 0.11, 0, 
23, 5, eco17, 12, 1, 5.2, 11.7, 121.66, 127.92, 6.25, 0.11, 0, 
23, 6, eco17, 12, 1, 5.4, 14.7, 296.5, 126.27, -170.23, 0.12, 0, 
24, 7, eco17, 12, 1, 4.7, 16.7, 281.25, 95.11, -186.14, 0.11, 0, 
24, 8, eco17, 12, 1, 5.8, 16.5, 323.63, 139.02, -184.61, 0.12, 0, 
24, 9, eco17, 12, 1, 6.8, 14.2, 318.02, 212.38, -105.63, 0.14, 0, 
24, 10, eco17, 12, 1, 9.3, 11.3, 236.12, 160.09, -76.04, 0.18, 0, 
24, 11, eco17, 12, 1, 9.6, 7.4, 0, 87.18, 87.18, 0.18, 0, 
24, 12, eco17, 12, 1, 9.7, 5.2, 0, 70.1, 70.1, 0.19, 0, 
24, 1, eco17, 12, 1, 9.1, 4.7, 0, 64.13, 64.13, 0.18, 0, 
24, 2, eco17, 12, 1, 6.5, 4.8, 0, 61.58, 61.58, 0.13, 0, 
24, 3, eco17, 12, 1, 6.2, 6.5, 0, 95.3, 95.3, 0.13, 0, 
24, 4, eco17, 12, 1, 5.3, 8.6, 31.39, 117.85, 86.46, 0.11, 0, 
24, 5, eco17, 12, 1, 5.2, 11.7, 120.03, 128.59, 8.56, 0.11, 0, 
24, 6, eco17, 12, 1, 5.4, 14.7, 294.78, 126.98, -167.8, 0.12, 0, 
25, 7, eco17, 12, 1, 4.7, 16.7, 280.28, 95.67, -184.61, 0.11, 0, 
25, 8, eco17, 12, 1, 5.8, 16.5, 325.39, 139.86, -185.53, 0.12, 0, 
25, 9, eco17, 12, 1, 6.8, 14.2, 316.53, 213.05, -103.49, 0.14, 0, 
25, 10, eco17, 12, 1, 9.3, 11.3, 234.38, 160.57, -73.81, 0.18, 0, 
25, 11, eco17, 12, 1, 9.6, 7.4, 0, 87.37, 87.37, 0.18, 0, 
25, 12, eco17, 12, 1, 9.7, 5.2, 0, 70.29, 70.29, 0.19, 0, 
25, 1, eco17, 12, 1, 9.1, 4.7, 0, 64.33, 64.33, 0.18, 0, 
25, 2, eco17, 12, 1, 6.5, 4.8, 0, 61.79, 61.79, 0.13, 0, 
25, 3, eco17, 12, 1, 6.2, 6.5, 0, 95.7, 95.7, 0.13, 0, 
25, 4, eco17, 12, 1, 5.3, 8.6, 30.72, 118.38, 87.67, 0.11, 0, 
25, 5, eco17, 12, 1, 5.2, 11.7, 118.39, 129.23, 10.83, 0.11, 0, 
25, 6, eco17, 12, 1, 5.4, 14.7, 293.13, 127.65, -165.48, 0.12, 0, 
26, 7, eco17, 12, 1, 4.7, 16.7, 279.38, 96.2, -183.18, 0.11, 0, 
26, 8, eco17, 12, 1, 5.8, 16.5, 327.07, 140.66, -186.41, 0.12, 0, 
26, 9, eco17, 12, 1, 6.8, 14.2, 314.39, 213.67, -100.72, 0.14, 0, 
26, 10, eco17, 12, 1, 9.3, 11.3, 232.29, 160.98, -71.31, 0.18, 0, 
26, 11, eco17, 12, 1, 9.6, 7.4, 0, 87.51, 87.51, 0.18, 0, 
26, 12, eco17, 12, 1, 9.7, 5.2, 0, 70.45, 70.45, 0.19, 0, 
26, 1, eco17, 12, 1, 9.1, 4.7, 0, 64.5, 64.5, 0.18, 0, 
26, 2, eco17, 12, 1, 6.5, 4.8, 0, 61.99, 61.99, 0.13, 0, 
26, 3, eco17, 12, 1, 6.2, 6.5, 0, 96.06, 96.06, 0.13, 0, 
26, 4, eco17, 12, 1, 5.3, 8.6, 30.13, 118.88, 88.75, 0.11, 0, 
26, 5, eco17, 12, 1, 5.2, 11.7, 116.93, 129.82, 12.89, 0.11, 0, 
26, 6, eco17, 12, 1, 5.4, 14.7, 291.62, 128.28, -163.35, 0.12, 0, 
27, 7, eco17, 12, 1, 4.7, 16.7, 278.42, 96.7, -181.72, 0.11, 0, 
27, 8, eco17, 12, 1, 5.8, 16.5, 328.46, 141.42, -187.04, 0.12, 0, 
27, 9, eco17, 12, 1, 6.8, 14.2, 311.86, 214.26, -97.61, 0.14, 0, 
27, 10, eco17, 12, 1, 9.3, 11.3, 230.01, 161.34, -68.67, 0.18, 0, 
27, 11, eco17, 12, 1, 9.6, 7.4, 0, 87.61, 87.61, 0.18, 0, 
27, 12, eco17, 12, 1, 9.7, 5.2, 0, 70.57, 70.57, 0.19, 0, 
27, 1, eco17, 12, 1, 9.1, 4.7, 0, 64.65, 64.65, 0.18, 0, 
27, 2, eco17, 12, 1, 6.5, 4.8, 0, 62.15, 62.15, 0.13, 0, 
27, 3, eco17, 12, 1, 6.2, 6.5, 0, 96.39, 96.39, 0.13, 0, 
27, 4, eco17, 12, 1, 5.3, 8.6, 29.83, 119.34, 89.51, 0.11, 0, 
27, 5, eco17, 12, 1, 5.2, 11.7, 115.8, 130.37, 14.57, 0.11, 0, 
27, 6, eco17, 12, 1, 5.4, 14.7, 290.05, 128.87, -161.18, 0.12, 0, 
28, 7, eco17, 12, 1, 4.7, 16.7, 277.47, 97.17, -180.3, 0.11, 0, 
28, 8, eco17, 12, 1, 5.8, 16.5, 329.57, 142.13, -187.44, 0.12, 0, 
28, 9, eco17, 12, 1, 6.8, 14.2, 308.4, 214.81, -93.6, 0.14, 0, 
28, 10, eco17, 12, 1, 9.3, 11.3, 227.07, 161.62, -65.45, 0.18, 0, 
28, 11, eco17, 12, 1, 9.6, 7.4, 0, 87.65, 87.65, 0.18, 0, 
28, 12, eco17, 12, 1, 9.7, 5.2, 0, 70.65, 70.65, 0.19, 0, 
28, 1, eco17, 12, 1, 9.1, 4.7, 0, 64.76, 64.76, 0.18, 0, 
28, 2, eco17, 12, 1, 6.5, 4.8, 0, 62.28, 62.28, 0.13, 0, 
28, 3, eco17, 12, 1, 6.2, 6.5, 0, 96.66, 96.66, 0.13, 0, 
28, 4, eco17, 12, 1, 5.3, 8.6, 29.55, 119.74, 90.19, 0.11, 0, 
28, 5, eco17, 12, 1, 5.2, 11.7, 114.73, 130.86, 16.13, 0.11, 0, 
28, 6, eco17, 12, 1, 5.4, 14.7, 288.49, 129.4, -159.09, 0.12, 0, 
29, 7, eco17, 12, 1, 4.7, 16.7, 276.46, 97.6, -178.86, 0.11, 0, 
29, 8, eco17, 12, 1, 5.8, 16.5, 330.57, 142.79, -187.78, 0.12, 0, 
29, 9, eco17, 12, 1, 6.8, 14.2, 304.59, 215.3, -89.29, 0.14, 0, 
29, 10, eco17, 12, 1, 9.3, 11.3, 223.75, 161.84, -61.91, 0.18, 0, 
29, 11, eco17, 12, 1, 9.6, 7.4, 0, 87.64, 87.64, 0.18, 0, 
29, 12, eco17, 12, 1, 9.7, 5.2, 0, 70.69, 70.69, 0.19, 0, 
29, 1, eco17, 12, 1, 9.1, 4.7, 0, 64.83, 64.83, 0.18, 0, 
29, 2, eco17, 12, 1, 6.5, 4.8, 0, 62.39, 62.39, 0.13, 0, 
29, 3, eco17, 12, 1, 6.2, 6.5, 0, 96.9, 96.9, 0.13, 0, 
29, 4, eco17, 12, 1, 5.3, 8.6, 29.29, 120.09, 90.81, 0.11, 0, 
29, 5, eco17, 12, 1, 5.2, 11.7, 113.71, 131.3, 17.59, 0.11, 0, 
29, 6, eco17, 12, 1, 5.4, 14.7, 286.93, 129.89, -157.04, 0.12, 0, 
30, 7, eco17, 12, 1, 4.7, 16.7, 275.39, 98, -177.39, 0.11, 0, 
30, 8, eco17, 12, 1, 5.8, 16.5, 331.49, 143.39, -188.1, 0.12, 0, 
30, 9, eco17, 12, 1, 6.8, 14.2, 305.63, 215.74, -89.89, 0.14, 0, 
30, 10, eco17, 12, 1, 9.3, 11.3, 223.75, 162.29, -61.46, 0.18, 0, 
30, 11, eco17, 12, 1, 9.6, 7.4, 0, 87.86, 87.86, 0.18, 0, 
30, 12, eco17, 12, 1, 9.7, 5.2, 0, 70.9, 70.9, 0.19, 0, 
30, 1, eco17, 12, 1, 9.1, 4.7, 0, 65.03, 65.03, 0.18, 0, 
30, 2, eco17, 12, 1, 6.5, 4.8, 0, 62.59, 62.59, 0.13, 0, 
30, 3, eco17, 12, 1, 6.2, 6.5, 0, 97.26, 97.26, 0.13, 0, 
30, 4, eco17, 12, 1, 5.3, 8.6, 29.02, 120.56, 91.54, 0.11, 0, 
30, 5, eco17, 12, 1, 5.2, 11.7, 112.68, 131.84, 19.16, 0.11, 0, 
30, 6, eco17, 12, 1, 5.4, 14.7, 285.31, 130.44, -154.87, 0.12, 0, 
31, 7, eco17, 12, 1, 4.7, 16.7, 274.33, 98.43, -175.9, 0.11, 0, 
31, 8, eco17, 12, 1, 5.8, 16.5, 333.18, 144.04, -189.15, 0.12, 0, 
31, 9, eco17, 12, 1, 6.8, 14.2, 308.3, 216.25, -92.06, 0.14, 0, 
31, 10, eco17, 12, 1, 9.3, 11.3, 224.86, 162.87, -61.99, 0.18, 0, 
31, 11, eco17, 12, 1, 9.6, 7.4, 0, 88.19, 88.19, 0.18, 0, 
31, 12, eco17, 12, 1, 9.7, 5.2, 0, 71.17, 71.17, 0.19, 0, 
31, 1, eco17, 12, 1, 9.1, 4.7, 0, 65.29, 65.29, 0.18, 0, 
31, 2, eco17, 12, 1, 6.5, 4.8, 0, 62.85, 62.85, 0.13, 0, 
31, 3, eco17, 12, 1, 6.2, 6.5, 0, 97.67, 97.67, 0.13, 0, 
31, 4, eco17, 12, 1, 5.3, 8.6, 28.76, 121.08, 92.32, 0.11, 0, 
31, 5, eco17, 12, 1, 5.2, 11.7, 111.62, 132.42, 20.8, 0.11, 0, 
31, 6, eco17, 12, 1, 5.4, 14.7, 283.62, 131.03, -152.59, 0.12, 0, 
32, 7, eco17, 12, 1, 4.7, 16.7, 273.19, 98.88, -174.32, 0.11, 0, 
32, 8, eco17, 12, 1, 5.8, 16.5, 335.32, 144.7, -190.62, 0.12, 0, 
32, 9, eco17, 12, 1, 6.8, 14.2, 311.89, 216.78, -95.11, 0.14, 0, 
32, 10, eco17, 12, 1, 9.3, 11.3, 226.45, 163.51, -62.93, 0.18, 0, 
32, 11, eco17, 12, 1, 9.6, 7.4, 0, 88.57, 88.57, 0.18, 0, 
32, 12, eco17, 12, 1, 9.7, 5.2, 0, 71.48, 71.48, 0.19, 0, 
32, 1, eco17, 12, 1, 9.1, 4.7, 0, 65.58, 65.58, 0.18, 0, 
32, 2, eco17, 12, 1, 6.5, 4.8, 0, 63.13, 63.13, 0.13, 0, 
32, 3, eco17, 12, 1, 6.2, 6.5, 0, 98.1, 98.1, 0.13, 0, 
32, 4, eco17, 12, 1, 5.3, 8.6, 28.5, 121.62, 93.12, 0.11, 0, 
32, 5, eco17, 12, 1, 5.2, 11.7, 110.54, 133.02, 22.48, 0.11, 0, 
32, 6, eco17, 12, 1, 5.4, 14.7, 281.81, 131.63, -150.18, 0.12, 0, 
33, 7, eco17, 12, 1, 4.7, 16.7, 271.99, 99.33, -172.65, 0.11, 0, 
33, 8, eco17, 12, 1, 5.8, 16.5, 338.6, 145.37, -193.24, 0.12, 0, 
33, 9, eco17, 12, 1, 6.8, 14.2, 316.01, 217.38, -98.63, 0.14, 0, 
33, 10, eco17, 12, 1, 9.3, 11.3, 228.04, 164.21, -63.83, 0.18, 0, 
33, 11, eco17, 12, 1, 9.6, 7.4, 0, 88.97, 88.97, 0.18, 0, 
33, 12, eco17, 12, 1, 9.7, 5.2, 0, 71.8, 71.8, 0.19, 0, 
33, 1, eco17, 12, 1, 9.1, 4.7, 0, 65.88, 65.88, 0.18, 0, 
33, 2, eco17, 12, 1, 6.5, 4.8, 0, 63.42, 63.42, 0.13, 0, 
33, 3, eco17, 12, 1, 6.2, 6.5, 0, 98.55, 98.55, 0.13, 0, 
33, 4, eco17, 12, 1, 5.3, 8.6, 28.24, 122.18, 93.94, 0.11, 0, 
33, 5, eco17, 12, 1, 5.2, 11.7, 109.43, 133.63, 24.2, 0.11, 0, 
33, 6, eco17, 12, 1, 5.4, 14.7, 279.95, 132.23, -147.71, 0.12, 0, 
34, 7, eco17, 12, 1, 4.7, 16.7, 270.68, 99.79, -170.89, 0.11, 0, 
34, 8, eco17, 12, 1, 5.8, 16.5, 341.69, 146.04, -195.65, 0.12, 0, 
34, 9, eco17, 12, 1, 6.8, 14.2, 322.38, 217.95, -104.43, 0.14, 0, 
34, 10, eco17, 12, 1, 9.3, 11.3, 229.34, 165.01, -64.33, 0.18, 0, 
34, 11, eco17, 12, 1, 9.6, 7.4, 0, 89.41, 89.41, 0.18, 0, 
34, 12, eco17, 12, 1, 9.7, 5.2, 0, 72.16, 72.16, 0.19, 0, 
34, 1, eco17, 12, 1, 9.1, 4.7, 0, 66.2, 66.2, 0.18, 0, 
34, 2, eco17, 12, 1, 6.5, 4.8, 0, 63.72, 63.72, 0.13, 0, 
34, 3, eco17, 12, 1, 6.2, 6.5, 0, 99.03, 99.03, 0.13, 0, 
34, 4, eco17, 12, 1, 5.3, 8.6, 27.97, 122.76, 94.8, 0.11, 0, 
34, 5, eco17, 12, 1, 5.2, 11.7, 108.27, 134.26, 25.99, 0.11, 0, 
34, 6, eco17, 12, 1, 5.4, 14.7, 277.89, 132.85, -145.04, 0.12, 0, 
35, 7, eco17, 12, 1, 4.7, 16.7, 269.37, 100.26, -169.11, 0.11, 0, 
35, 8, eco17, 12, 1, 5.8, 16.5, 341.46, 146.72, -194.74, 0.12, 0, 
35, 9, eco17, 12, 1, 6.8, 14.2, 332.74, 218.29, -114.45, 0.14, 0, 
35, 10, eco17, 12, 1, 9.3, 11.3, 230.19, 165.91, -64.29, 0.18, 0, 
35, 11, eco17, 12, 1, 9.6, 7.4, 0, 89.88, 89.88, 0.18, 0, 
35, 12, eco17, 12, 1, 9.7, 5.2, 0, 72.53, 72.53, 0.19, 0, 
35, 1, eco17, 12, 1, 9.1, 4.7, 0, 66.54, 66.54, 0.18, 0, 
35, 2, eco17, 12, 1, 6.5, 4.8, 0, 64.04, 64.04, 0.13, 0, 
35, 3, eco17, 12, 1, 6.2, 6.5, 0, 99.51, 99.51, 0.13, 0, 
35, 4, eco17, 12, 1, 5.3, 8.6, 27.7, 123.36, 95.66, 0.11, 0, 
35, 5, eco17, 12, 1, 5.2, 11.7, 107.09, 134.9, 27.81, 0.11, 0, 
35, 6, eco17, 12, 1, 5.4, 14.7, 275.82, 133.48, -142.33, 0.12, 0, 
36, 7, eco17, 12, 1, 4.7, 16.7, 267.92, 100.73, -167.19, 0.11, 0, 
36, 8, eco17, 12, 1, 5.8, 16.5, 341.13, 147.41, -193.71, 0.12, 0, 
36, 9, eco17, 12, 1, 6.8, 14.2, 341.82, 218.61, -123.21, 0.14, 0, 
36, 10, eco17, 12, 1, 9.3, 11.3, 230.32, 166.73, -63.59, 0.18, 0, 
36, 11, eco17, 12, 1, 9.6, 7.4, 0, 90.29, 90.29, 0.18, 0, 
36, 12, eco17, 12, 1, 9.7, 5.2, 0, 72.86, 72.86, 0.19, 0, 
36, 1, eco17, 12, 1, 9.1, 4.7, 0, 66.84, 66.84, 0.18, 0, 
36, 2, eco17, 12, 1, 6.5, 4.8, 0, 64.33, 64.33, 0.13, 0, 
36, 3, eco17, 12, 1, 6.2, 6.5, 0, 99.96, 99.96, 0.13, 0, 
36, 4, eco17, 12, 1, 5.3, 8.6, 27.42, 123.91, 96.5, 0.11, 0, 
36, 5, eco17, 12, 1, 5.2, 11.7, 105.87, 135.51, 29.64, 0.11, 0, 
36, 6, eco17, 12, 1, 5.4, 14.7, 273.62, 134.09, -139.53, 0.12, 0, 
37, 7, eco17, 12, 1, 4.7, 16.7, 266.41, 101.18, -165.22, 0.11, 0, 
37, 8, eco17, 12, 1, 5.8, 16.5, 340.62, 148.08, -192.54, 0.12, 0, 
37, 9, eco17, 12, 1, 6.8, 14.2, 343.65, 218.89, -124.76, 0.14, 0, 
37, 10, eco17, 12, 1, 9.3, 11.3, 230.24, 167.14, -63.1, 0.18, 0, 
37, 11, eco17, 12, 1, 9.6, 7.4, 0, 90.49, 90.49, 0.18, 0, 
37, 12, eco17, 12, 1, 9.7, 5.2, 0, 73.04, 73.04, 0.19, 0, 
37, 1, eco17, 12, 1, 9.1, 4.7, 0, 67.01, 67.01, 0.18, 0, 
37, 2, eco17, 12, 1, 6.5, 4.8, 0, 64.52, 64.52, 0.13, 0, 
37, 3, eco17, 12, 1, 6.2, 6.5, 0, 100.29, 100.29, 0.13, 0, 
37, 4, eco17, 12, 1, 5.3, 8.6, 27.15, 124.34, 97.19, 0.11, 0, 
37, 5, eco17, 12, 1, 5.2, 11.7, 104.7, 136, 31.3, 0.11, 0, 
37, 6, eco17, 12, 1, 5.4, 14.7, 271.42, 134.59, -136.83, 0.12, 0, 
38, 7, eco17, 12, 1, 4.7, 16.7, 264.89, 101.57, -163.32, 0.11, 0, 
38, 8, eco17, 12, 1, 5.8, 16.5, 339.97, 148.66, -191.3, 0.12, 0, 
38, 9, eco17, 12, 1, 6.8, 14.2, 345.37, 219.09, -126.28, 0.14, 0, 
38, 10, eco17, 12, 1, 9.3, 11.3, 229.88, 167.49, -62.39, 0.18, 0, 
38, 11, eco17, 12, 1, 9.6, 7.4, 0, 90.64, 90.64, 0.18, 0, 
38, 12, eco17, 12, 1, 9.7, 5.2, 0, 73.18, 73.18, 0.19, 0, 
38, 1, eco17, 12, 1, 9.1, 4.7, 0, 67.16, 67.16, 0.18, 0, 
38, 2, eco17, 12, 1, 6.5, 4.8, 0, 64.67, 64.67, 0.13, 0, 
38, 3, eco17, 12, 1, 6.2, 6.5, 0, 100.57, 100.57, 0.13, 0, 
38, 4, eco17, 12, 1, 5.3, 8.6, 26.9, 124.72, 97.83, 0.11, 0, 
38, 5, eco17, 12, 1, 5.2, 11.7, 103.54, 136.44, 32.9, 0.11, 0, 
38, 6, eco17, 12, 1, 5.4, 14.7, 269.3, 135.05, -134.25, 0.12, 0, 
39, 7, eco17, 12, 1, 4.7, 16.7, 263.44, 101.94, -161.51, 0.11, 0, 
39, 8, eco17, 12, 1, 5.8, 16.5, 339.36, 149.21, -190.15, 0.12, 0, 
39, 9, eco17, 12, 1, 6.8, 14.2, 345.72, 219.26, -126.46, 0.14, 0, 
39, 10, eco17, 12, 1, 9.3, 11.3, 229.29, 167.74, -61.55, 0.18, 0, 
39, 11, eco17, 12, 1, 9.6, 7.4, 0, 90.75, 90.75, 0.18, 0, 
39, 12, eco17, 12, 1, 9.7, 5.2, 0, 73.29, 73.29, 0.19, 0, 
39, 1, eco17, 12, 1, 9.1, 4.7, 0, 67.28, 67.28, 0.18, 0, 
39, 2, eco17, 12, 1, 6.5, 4.8, 0, 64.8, 64.8, 0.13, 0, 
39, 3, eco17, 12, 1, 6.2, 6.5, 0, 100.82, 100.82, 0.13, 0, 
39, 4, eco17, 12, 1, 5.3, 8.6, 26.65, 125.06, 98.41, 0.11, 0, 
39, 5, eco17, 12, 1, 5.2, 11.7, 102.42, 136.84, 34.42, 0.11, 0, 
39, 6, eco17, 12, 1, 5.4, 14.7, 267.24, 135.47, -131.77, 0.12, 0, 
40, 7, eco17, 12, 1, 4.7, 16.7, 261.96, 102.27, -159.69, 0.11, 0, 
40, 8, eco17, 12, 1, 5.8, 16.5, 338.62, 149.71, -188.91, 0.12, 0, 
40, 9, eco17, 12, 1, 6.8, 14.2, 346.58, 219.4, -127.19, 0.14, 0, 
40, 10, eco17, 12, 1, 9.3, 11.3, 228.75, 168, -60.76, 0.18, 0, 
40, 11, eco17, 12, 1, 9.6, 7.4, 0, 90.85, 90.85, 0.18, 0, 
40, 12, eco17, 12, 1, 9.7, 5.2, 0, 73.4, 73.4, 0.19, 0, 
40, 1, eco17, 12, 1, 9.1, 4.7, 0, 67.39, 67.39, 0.18, 0, 
40, 2, eco17, 12, 1, 6.5, 4.8, 0, 64.92, 64.92, 0.13, 0, 
40, 3, eco17, 12, 1, 6.2, 6.5, 0, 101.06, 101.06, 0.13, 0, 
40, 4, eco17, 12, 1, 5.3, 8.6, 26.42, 125.39, 98.97, 0.11, 0, 
40, 5, eco17, 12, 1, 5.2, 11.7, 101.39, 137.22, 35.83, 0.11, 0, 
40, 6, eco17, 12, 1, 5.4, 14.7, 265.24, 135.87, -129.37, 0.12, 0, 
41, 7, eco17, 12, 1, 4.7, 16.7, 260.58, 102.58, -157.99, 0.11, 0, 
41, 8, eco17, 12, 1, 5.8, 16.5, 336.88, 150.18, -186.7, 0.12, 0, 
41, 9, eco17, 12, 1, 6.8, 14.2, 348.63, 219.46, -129.17, 0.14, 0, 
41, 10, eco17, 12, 1, 9.3, 11.3, 228.44, 168.26, -60.18, 0.18, 0, 
41, 11, eco17, 12, 1, 9.6, 7.4, 0, 90.96, 90.96, 0.18, 0, 
41, 12, eco17, 12, 1, 9.7, 5.2, 0, 73.51, 73.51, 0.19, 0, 
41, 1, eco17, 12, 1, 9.1, 4.7, 0, 67.51, 67.51, 0.18, 0, 
41, 2, eco17, 12, 1, 6.5, 4.8, 0, 65.05, 65.05, 0.13, 0, 
41, 3, eco17, 12, 1, 6.2, 6.5, 0, 101.29, 101.29, 0.13, 0, 
41, 4, eco17, 12, 1, 5.3, 8.6, 26.2, 125.71, 99.51, 0.11, 0, 
41, 5, eco17, 12, 1, 5.2, 11.7, 100.37, 137.59, 37.22, 0.11, 0, 
41, 6, eco17, 12, 1, 5.4, 14.7, 263.38, 136.26, -127.12, 0.12, 0, 
42, 7, eco17, 12, 1, 4.7, 16.7, 259.21, 102.89, -156.32, 0.11, 0, 
42, 8, eco17, 12, 1, 5.8, 16.5, 335.07, 150.64, -184.43, 0.12, 0, 
42, 9, eco17, 12, 1, 6.8, 14.2, 351.93, 219.5, -132.43, 0.14, 0, 
42, 10, eco17, 12, 1, 9.3, 11.3, 228.12, 168.59, -59.54, 0.18, 0, 
42, 11, eco17, 12, 1, 9.6, 7.4, 0, 91.11, 91.11, 0.18, 0, 
42, 12, eco17, 12, 1, 9.7, 5.2, 0, 73.64, 73.64, 0.19, 0, 
42, 1, eco17, 12, 1, 9.1, 4.7, 0, 67.64, 67.64, 0.18, 0, 
42, 2, eco17, 12, 1, 6.5, 4.8, 0, 65.18, 65.18, 0.13, 0, 
42, 3, eco17, 12, 1, 6.2, 6.5, 0, 101.54, 101.54, 0.13, 0, 
42, 4, eco17, 12, 1, 5.3, 8.6, 25.99, 126.03, 100.04, 0.11, 0, 
42, 5, eco17, 12, 1, 5.2, 11.7, 99.41, 137.96, 38.55, 0.11, 0, 
42, 6, eco17, 12, 1, 5.4, 14.7, 261.53, 136.64, -124.89, 0.12, 0, 
43, 7, eco17, 12, 1, 4.7, 16.7, 257.91, 103.19, -154.72, 0.11, 0, 
43, 8, eco17, 12, 1, 5.8, 16.5, 333.37, 151.09, -182.28, 0.12, 0, 
43, 9, eco17, 12, 1, 6.8, 14.2, 356.6, 219.55, -137.06, 0.14, 0, 
43, 10, eco17, 12, 1, 9.3, 11.3, 227.64, 168.98, -58.66, 0.18, 0, 
43, 11, eco17, 12, 1, 9.6, 7.4, 0, 91.28, 91.28, 0.18, 0, 
43, 12, eco17, 12, 1, 9.7, 5.2, 0, 73.79, 73.79, 0.19, 0, 
43, 1, eco17, 12, 1, 9.1, 4.7, 0, 67.79, 67.79, 0.18, 0, 
43, 2, eco17, 12, 1, 6.5, 4.8, 0, 65.33, 65.33, 0.13, 0, 
43, 3, eco17, 12, 1, 6.2, 6.5, 0, 101.79, 101.79, 0.13, 0, 
43, 4, eco17, 12, 1, 5.3, 8.6, 25.78, 126.36, 100.57, 0.11, 0, 
43, 5, eco17, 12, 1, 5.2, 11.7, 98.48, 138.34, 39.85, 0.11, 0, 
43, 6, eco17, 12, 1, 5.4, 14.7, 259.73, 137.02, -122.71, 0.12, 0, 
44, 7, eco17, 12, 1, 4.7, 16.7, 256.72, 103.48, -153.23, 0.11, 0, 
44, 8, eco17, 12, 1, 5.8, 16.5, 331.7, 151.52, -180.18, 0.12, 0, 
44, 9, eco17, 12, 1, 6.8, 14.2, 363.01, 219.6, -143.41, 0.14, 0, 
44, 10, eco17, 12, 1, 9.3, 11.3, 226.94, 169.46, -57.48, 0.18, 0, 
44, 11, eco17, 12, 1, 9.6, 7.4, 0, 91.48, 91.48, 0.18, 0, 
44, 12, eco17, 12, 1, 9.7, 5.2, 0, 73.96, 73.96, 0.19, 0, 
44, 1, eco17, 12, 1, 9.1, 4.7, 0, 67.95, 67.95, 0.18, 0, 
44, 2, eco17, 12, 1, 6.5, 4.8, 0, 65.49, 65.49, 0.13, 0, 
44, 3, eco17, 12, 1, 6.2, 6.5, 0, 102.06, 102.06, 0.13, 0, 
44, 4, eco17, 12, 1, 5.3, 8.6, 25.59, 126.7, 101.11, 0.11, 0, 
44, 5, eco17, 12, 1, 5.2, 11.7, 97.57, 138.72, 41.15, 0.11, 0, 
44, 6, eco17, 12, 1, 5.4, 14.7, 257.9, 137.41, -120.49, 0.12, 0, 
45, 7, eco17, 12, 1, 4.7, 16.7, 255.42, 103.78, -151.64, 0.11, 0, 
45, 8, eco17, 12, 1, 5.8, 16.5, 330.06, 151.96, -178.1, 0.12, 0, 
45, 9, eco17, 12, 1, 6.8, 14.2, 371.74, 219.64, -152.1, 0.14, 0, 
45, 10, eco17, 12, 1, 9.3, 11.3, 225.99, 170.06, -55.93, 0.18, 0, 
45, 11, eco17, 12, 1, 9.6, 7.4, 0, 91.73, 91.73, 0.18, 0, 
45, 12, eco17, 12, 1, 9.7, 5.2, 0, 74.16, 74.16, 0.19, 0, 
45, 1, eco17, 12, 1, 9.1, 4.7, 0, 68.14, 68.14, 0.18, 0, 
45, 2, eco17, 12, 1, 6.5, 4.8, 0, 65.68, 65.68, 0.13, 0, 
45, 3, eco17, 12, 1, 6.2, 6.5, 0, 102.35, 102.35, 0.13, 0, 
45, 4, eco17, 12, 1, 5.3, 8.6, 25.38, 127.07, 101.68, 0.11, 0, 
45, 5, eco17, 12, 1, 5.2, 11.7, 96.65, 139.12, 42.47, 0.11, 0, 
45, 6, eco17, 12, 1, 5.4, 14.7, 256.08, 137.81, -118.27, 0.12, 0, 
46, 7, eco17, 12, 1, 4.7, 16.7, 254.16, 104.08, -150.08, 0.11, 0, 
46, 8, eco17, 12, 1, 5.8, 16.5, 328.41, 152.4, -176.01, 0.12, 0, 
46, 9, eco17, 12, 1, 6.8, 14.2, 376.35, 219.69, -156.66, 0.14, 0, 
46, 10, eco17, 12, 1, 9.3, 11.3, 225.02, 170.44, -54.58, 0.18, 0, 
46, 11, eco17, 12, 1, 9.6, 7.4, 0, 91.88, 91.88, 0.18, 0, 
46, 12, eco17, 12, 1, 9.7, 5.2, 0, 74.29, 74.29, 0.19, 0, 
46, 1, eco17, 12, 1, 9.1, 4.7, 0, 68.27, 68.27, 0.18, 0, 
46, 2, eco17, 12, 1, 6.5, 4.8, 0, 65.81, 65.81, 0.13, 0, 
46, 3, eco17, 12, 1, 6.2, 6.5, 0, 102.58, 102.58, 0.13, 0, 
46, 4, eco17, 12, 1, 5.3, 8.6, 25.19, 127.36, 102.17, 0.11, 0, 
46, 5, eco17, 12, 1, 5.2, 11.7, 95.78, 139.46, 43.68, 0.11, 0, 
46, 6, eco17, 12, 1, 5.4, 14.7, 254.35, 138.15, -116.2, 0.12, 0, 
47, 7, eco17, 12, 1, 4.7, 16.7, 252.92, 104.35, -148.57, 0.11, 0, 
47, 8, eco17, 12, 1, 5.8, 16.5, 326.78, 152.8, -173.98, 0.12, 0, 
47, 9, eco17, 12, 1, 6.8, 14.2, 375.45, 219.71, -155.74, 0.14, 0, 
47, 10, eco17, 12, 1, 9.3, 11.3, 224.08, 170.51, -53.58, 0.18, 0, 
47, 11, eco17, 12, 1, 9.6, 7.4, 0, 91.88, 91.88, 0.18, 0, 
47, 12, eco17, 12, 1, 9.7, 5.2, 0, 74.32, 74.32, 0.19, 0, 
47, 1, eco17, 12, 1, 9.1, 4.7, 0, 68.3, 68.3, 0.18, 0, 
47, 2, eco17, 12, 1, 6.5, 4.8, 0, 65.86, 65.86, 0.13, 0, 
47, 3, eco17, 12, 1, 6.2, 6.5, 0, 102.71, 102.71, 0.13, 0, 
47, 4, eco17, 12, 1, 5.3, 8.6, 25.01, 127.55, 102.54, 0.11, 0, 
47, 5, eco17, 12, 1, 5.2, 11.7, 94.95, 139.7, 44.75, 0.11, 0, 
47, 6, eco17, 12, 1, 5.4, 14.7, 252.69, 138.41, -114.28, 0.12, 0, 
48, 7, eco17, 12, 1, 4.7, 16.7, 251.77, 104.56, -147.22, 0.11, 0, 
48, 8, eco17, 12, 1, 5.8, 16.5, 325.32, 153.12, -172.2, 0.12, 0, 
48, 9, eco17, 12, 1, 6.8, 14.2, 374.4, 219.69, -154.71, 0.14, 0, 
48, 10, eco17, 12, 1, 9.3, 11.3, 223.16, 170.53, -52.63, 0.18, 0, 
48, 11, eco17, 12, 1, 9.6, 7.4, 0, 91.85, 91.85, 0.18, 0, 
48, 12, eco17, 12, 1, 9.7, 5.2, 0, 74.32, 74.32, 0.19, 0, 
48, 1, eco17, 12, 1, 9.1, 4.7, 0, 68.32, 68.32, 0.18, 0, 
48, 2, eco17, 12, 1, 6.5, 4.8, 0, 65.89, 65.89, 0.13, 0, 
48, 3, eco17, 12, 1, 6.2, 6.5, 0, 102.81, 102.81, 0.13, 0, 
48, 4, eco17, 12, 1, 5.3, 8.6, 24.85, 127.72, 102.86, 0.11, 0, 
48, 5, eco17, 12, 1, 5.2, 11.7, 94.23, 139.9, 45.67, 0.11, 0, 
48, 6, eco17, 12, 1, 5.4, 14.7, 251.22, 138.64, -112.58, 0.12, 0, 
49, 7, eco17, 12, 1, 4.7, 16.7, 250.71, 104.75, -145.96, 0.11, 0, 
49, 8, eco17, 12, 1, 5.8, 16.5, 323.99, 153.41, -170.58, 0.12, 0, 
49, 9, eco17, 12, 1, 6.8, 14.2, 373.4, 219.67, -153.72, 0.14, 0, 
49, 10, eco17, 12, 1, 9.3, 11.3, 222.31, 170.55, -51.76, 0.18, 0, 
49, 11, eco17, 12, 1, 9.6, 7.4, 0, 91.83, 91.83, 0.18, 0, 
49, 12, eco17, 12, 1, 9.7, 5.2, 0, 74.32, 74.32, 0.19, 0, 
49, 1, eco17, 12, 1, 9.1, 4.7, 0, 68.34, 68.34, 0.18, 0, 
49, 2, eco17, 12, 1, 6.5, 4.8, 0, 65.92, 65.92, 0.13, 0, 
49, 3, eco17, 12, 1, 6.2, 6.5, 0, 102.91, 102.91, 0.13, 0, 
49, 4, eco17, 12, 1, 5.3, 8.6, 24.71, 127.87, 103.15, 0.11, 0, 
49, 5, eco17, 12, 1, 5.2, 11.7, 93.6, 140.09, 46.49, 0.11, 0, 
49, 6, eco17, 12, 1, 5.4, 14.7, 249.91, 138.85, -111.07, 0.12, 0, 
50, 7, eco17, 12, 1, 4.7, 16.7, 249.83, 104.92, -144.91, 0.11, 0, 
50, 8, eco17, 12, 1, 5.8, 16.5, 322.83, 153.68, -169.15, 0.12, 0, 
50, 9, eco17, 12, 1, 6.8, 14.2, 372.54, 219.67, -152.87, 0.14, 0, 
50, 10, eco17, 12, 1, 9.3, 11.3, 221.63, 170.58, -51.04, 0.18, 0, 
50, 11, eco17, 12, 1, 9.6, 7.4, 0, 91.82, 91.82, 0.18, 0, 
50, 12, eco17, 12, 1, 9.7, 5.2, 0, 74.33, 74.33, 0.19, 0, 
50, 1, eco17, 12, 1, 9.1, 4.7, 0, 68.36, 68.36, 0.18, 0, 
50, 2, eco17, 12, 1, 6.5, 4.8, 0, 65.95, 65.95, 0.13, 0, 
50, 3, eco17, 12, 1, 6.2, 6.5, 0, 103, 103, 0.13, 0, 
50, 4, eco17, 12, 1, 5.3, 8.6, 24.58, 128.01, 103.43, 0.11, 0, 
50, 5, eco17, 12, 1, 5.2, 11.7, 93, 140.27, 47.27, 0.11, 0, 
50, 6, eco17, 12, 1, 5.4, 14.7, 248.73, 139.05, -109.69, 0.12, 0, 
51, 7, eco17, 12, 1, 4.7, 16.7, 248.93, 105.08, -143.85, 0.11, 0, 
51, 8, eco17, 12, 1, 5.8, 16.5, 321.72, 153.92, -167.8, 0.12, 0, 
51, 9, eco17, 12, 1, 6.8, 14.2, 371.8, 219.67, -152.13, 0.14, 0, 
51, 10, eco17, 12, 1, 9.3, 11.3, 220.95, 170.61, -50.35, 0.18, 0, 
51, 11, eco17, 12, 1, 9.6, 7.4, 0, 91.8, 91.8, 0.18, 0, 
51, 12, eco17, 12, 1, 9.7, 5.2, 0, 74.34, 74.34, 0.19, 0, 
51, 1, eco17, 12, 1, 9.1, 4.7, 0, 68.38, 68.38, 0.18, 0, 
51, 2, eco17, 12, 1, 6.5, 4.8, 0, 65.98, 65.98, 0.13, 0, 
51, 3, eco17, 12, 1, 6.2, 6.5, 0, 103.08, 103.08, 0.13, 0, 
51, 4, eco17, 12, 1, 5.3, 8.6, 24.46, 128.14, 103.68, 0.11, 0, 
51, 5, eco17, 12, 1, 5.2, 11.7, 92.46, 140.43, 47.97, 0.11, 0, 
51, 6, eco17, 12, 1, 5.4, 14.7, 247.63, 139.23, -108.4, 0.12, 0, 
52, 7, eco17, 12, 1, 4.7, 16.7, 248.29, 105.23, -143.06, 0.11, 0, 
52, 8, eco17, 12, 1, 5.8, 16.5, 320.81, 154.15, -166.66, 0.12, 0, 
52, 9, eco17, 12, 1, 6.8, 14.2, 371.15, 219.68, -151.47, 0.14, 0, 
52, 10, eco17, 12, 1, 9.3, 11.3, 220.32, 170.64, -49.67, 0.18, 0, 
52, 11, eco17, 12, 1, 9.6, 7.4, 0, 91.79, 91.79, 0.18, 0, 
52, 12, eco17, 12, 1, 9.7, 5.2, 0, 74.35, 74.35, 0.19, 0, 
52, 1, eco17, 12, 1, 9.1, 4.7, 0, 68.4, 68.4, 0.18, 0, 
52, 2, eco17, 12, 1, 6.5, 4.8, 0, 66.01, 66.01, 0.13, 0, 
52, 3, eco17, 12, 1, 6.2, 6.5, 0, 103.16, 103.16, 0.13, 0, 
52, 4, eco17, 12, 1, 5.3, 8.6, 24.34, 128.26, 103.92, 0.11, 0, 
52, 5, eco17, 12, 1, 5.2, 11.7, 91.99, 140.58, 48.6, 0.11, 0, 
52, 6, eco17, 12, 1, 5.4, 14.7, 246.7, 139.39, -107.31, 0.12, 0, 
53, 7, eco17, 12, 1, 4.7, 16.7, 247.55, 105.36, -142.19, 0.11, 0, 
53, 8, eco17, 12, 1, 5.8, 16.5, 319.94, 154.36, -165.58, 0.12, 0, 
53, 9, eco17, 12, 1, 6.8, 14.2, 370.58, 219.69, -150.89, 0.14, 0, 
53, 10, eco17, 12, 1, 9.3, 11.3, 219.82, 170.68, -49.14, 0.18, 0, 
53, 11, eco17, 12, 1, 9.6, 7.4, 0, 91.79, 91.79, 0.18, 0, 
53, 12, eco17, 12, 1, 9.7, 5.2, 0, 74.36, 74.36, 0.19, 0, 
53, 1, eco17, 12, 1, 9.1, 4.7, 0, 68.42, 68.42, 0.18, 0, 
53, 2, eco17, 12, 1, 6.5, 4.8, 0, 66.04, 66.04, 0.13, 0, 
53, 3, eco17, 12, 1, 6.2, 6.5, 0, 103.24, 103.24, 0.13, 0, 
53, 4, eco17, 12, 1, 5.3, 8.6, 24.24, 128.37, 104.13, 0.11, 0, 
53, 5, eco17, 12, 1, 5.2, 11.7, 91.57, 140.73, 49.16, 0.11, 0, 
53, 6, eco17, 12, 1, 5.4, 14.7, 245.84, 139.55, -106.29, 0.12, 0, 
54, 7, eco17, 12, 1, 4.7, 16.7, 246.95, 105.49, -141.46, 0.11, 0, 
54, 8, eco17, 12, 1, 5.8, 16.5, 319.12, 154.55, -164.57, 0.12, 0, 
54, 9, eco17, 12, 1, 6.8, 14.2, 370.02, 219.7, -150.33, 0.14, 0, 
54, 10, eco17, 12, 1, 9.3, 11.3, 219.36, 170.71, -48.66, 0.18, 0, 
54, 11, eco17, 12, 1, 9.6, 7.4, 0, 91.78, 91.78, 0.18, 0, 
54, 12, eco17, 12, 1, 9.7, 5.2, 0, 74.37, 74.37, 0.19, 0, 
54, 1, eco17, 12, 1, 9.1, 4.7, 0, 68.44, 68.44, 0.18, 0, 
54, 2, eco17, 12, 1, 6.5, 4.8, 0, 66.07, 66.07, 0.13, 0, 
54, 3, eco17, 12, 1, 6.2, 6.5, 0, 103.31, 103.31, 0.13, 0, 
54, 4, eco17, 12, 1, 5.3, 8.6, 24.15, 128.48, 104.33, 0.11, 0, 
54, 5, eco17, 12, 1, 5.2, 11.7, 91.17, 140.86, 49.69, 0.11, 0, 
54, 6, eco17, 12, 1, 5.4, 14.7, 245.01, 139.69, -105.32, 0.12, 0, 
55, 7, eco17, 12, 1, 4.7, 16.7, 246.4, 105.61, -140.79, 0.11, 0, 
55, 8, eco17, 12, 1, 5.8, 16.5, 318.49, 154.73, -163.76, 0.12, 0, 
55, 9, eco17, 12, 1, 6.8, 14.2, 369.62, 219.71, -149.91, 0.14, 0, 
55, 10, eco17, 12, 1, 9.3, 11.3, 218.93, 170.74, -48.19, 0.18, 0, 
55, 11, eco17, 12, 1, 9.6, 7.4, 0, 91.78, 91.78, 0.18, 0, 
55, 12, eco17, 12, 1, 9.7, 5.2, 0, 74.38, 74.38, 0.19, 0, 
55, 1, eco17, 12, 1, 9.1, 4.7, 0, 68.46, 68.46, 0.18, 0, 
55, 2, eco17, 12, 1, 6.5, 4.8, 0, 66.09, 66.09, 0.13, 0, 
55, 3, eco17, 12, 1, 6.2, 6.5, 0, 103.37, 103.37, 0.13, 0, 
55, 4, eco17, 12, 1, 5.3, 8.6, 24.06, 128.58, 104.51, 0.11, 0, 
55, 5, eco17, 12, 1, 5.2, 11.7, 90.82, 140.98, 50.15, 0.11, 0, 
55, 6, eco17, 12, 1, 5.4, 14.7, 244.38, 139.82, -104.55, 0.12, 0, 
56, 7, eco17, 12, 1, 4.7, 16.7, 245.97, 105.71, -140.25, 0.11, 0, 
56, 8, eco17, 12, 1, 5.8, 16.5, 317.88, 154.9, -162.98, 0.12, 0, 
56, 9, eco17, 12, 1, 6.8, 14.2, 369.19, 219.74, -149.44, 0.14, 0, 
56, 10, eco17, 12, 1, 9.3, 11.3, 218.56, 170.78, -47.78, 0.18, 0, 
56, 11, eco17, 12, 1, 9.6, 7.4, 0, 91.78, 91.78, 0.18, 0, 
56, 12, eco17, 12, 1, 9.7, 5.2, 0, 74.39, 74.39, 0.19, 0, 
56, 1, eco17, 12, 1, 9.1, 4.7, 0, 68.48, 68.48, 0.18, 0, 
56, 2, eco17, 12, 1, 6.5, 4.8, 0, 66.12, 66.12, 0.13, 0, 
56, 3, eco17, 12, 1, 6.2, 6.5, 0, 103.44, 103.44, 0.13, 0, 
56, 4, eco17, 12, 1, 5.3, 8.6, 23.98, 128.67, 104.69, 0.11, 0, 
56, 5, eco17, 12, 1, 5.2, 11.7, 90.5, 141.09, 50.59, 0.11, 0, 
56, 6, eco17, 12, 1, 5.4, 14.7, 243.71, 139.95, -103.76, 0.12, 0, 
57, 7, eco17, 12, 1, 4.7, 16.7, 245.53, 105.81, -139.72, 0.11, 0, 
57, 8, eco17, 12, 1, 5.8, 16.5, 317.35, 155.05, -162.3, 0.12, 0, 
57, 9, eco17, 12, 1, 6.8, 14.2, 368.93, 219.76, -149.17, 0.14, 0, 
57, 10, eco17, 12, 1, 9.3, 11.3, 218.27, 170.82, -47.45, 0.18, 0, 
57, 11, eco17, 12, 1, 9.6, 7.4, 0, 91.79, 91.79, 0.18, 0, 
57, 12, eco17, 12, 1, 9.7, 5.2, 0, 74.4, 74.4, 0.19, 0, 
57, 1, eco17, 12, 1, 9.1, 4.7, 0, 68.5, 68.5, 0.18, 0, 
57, 2, eco17, 12, 1, 6.5, 4.8, 0, 66.14, 66.14, 0.13, 0, 
57, 3, eco17, 12, 1, 6.2, 6.5, 0, 103.5, 103.5, 0.13, 0, 
57, 4, eco17, 12, 1, 5.3, 8.6, 23.91, 128.76, 104.84, 0.11, 0, 
57, 5, eco17, 12, 1, 5.2, 11.7, 90.22, 141.2, 50.97, 0.11, 0, 
57, 6, eco17, 12, 1, 5.4, 14.7, 243.11, 140.06, -103.04, 0.12, 0, 
58, 7, eco17, 12, 1, 4.7, 16.7, 245.17, 105.91, -139.26, 0.11, 0, 
58, 8, eco17, 12, 1, 5.8, 16.5, 316.84, 155.19, -161.66, 0.12, 0, 
58, 9, eco17, 12, 1, 6.8, 14.2, 368.7, 219.78, -148.92, 0.14, 0, 
58, 10, eco17, 12, 1, 9.3, 11.3, 217.96, 170.86, -47.11, 0.18, 0, 
58, 11, eco17, 12, 1, 9.6, 7.4, 0, 91.79, 91.79, 0.18, 0, 
58, 12, eco17, 12, 1, 9.7, 5.2, 0, 74.41, 74.41, 0.19, 0, 
58, 1, eco17, 12, 1, 9.1, 4.7, 0, 68.52, 68.52, 0.18, 0, 
58, 2, eco17, 12, 1, 6.5, 4.8, 0, 66.16, 66.16, 0.13, 0, 
58, 3, eco17, 12, 1, 6.2, 6.5, 0, 103.55, 103.55, 0.13, 0, 
58, 4, eco17, 12, 1, 5.3, 8.6, 23.84, 128.84, 104.99, 0.11, 0, 
58, 5, eco17, 12, 1, 5.2, 11.7, 89.98, 141.29, 51.32, 0.11, 0, 
58, 6, eco17, 12, 1, 5.4, 14.7, 242.69, 140.17, -102.52, 0.12, 0, 
59, 7, eco17, 12, 1, 4.7, 16.7, 244.85, 105.99, -138.86, 0.11, 0, 
59, 8, eco17, 12, 1, 5.8, 16.5, 316.45, 155.32, -161.14, 0.12, 0, 
59, 9, eco17, 12, 1, 6.8, 14.2, 368.49, 219.82, -148.67, 0.14, 0, 
59, 10, eco17, 12, 1, 9.3, 11.3, 217.69, 170.9, -46.79, 0.18, 0, 
59, 11, eco17, 12, 1, 9.6, 7.4, 0, 91.8, 91.8, 0.18, 0, 
59, 12, eco17, 12, 1, 9.7, 5.2, 0, 74.43, 74.43, 0.19, 0, 
59, 1, eco17, 12, 1, 9.1, 4.7, 0, 68.53, 68.53, 0.18, 0, 
59, 2, eco17, 12, 1, 6.5, 4.8, 0, 66.19, 66.19, 0.13, 0, 
59, 3, eco17, 12, 1, 6.2, 6.5, 0, 103.6, 103.6, 0.13, 0, 
59, 4, eco17, 12, 1, 5.3, 8.6, 23.78, 128.91, 105.14, 0.11, 0, 
59, 5, eco17, 12, 1, 5.2, 11.7, 89.74, 141.39, 51.64, 0.11, 0, 
59, 6, eco17, 12, 1, 5.4, 14.7, 242.24, 140.27, -101.97, 0.12, 0, 
60, 7, eco17, 12, 1, 4.7, 16.7, 244.6, 106.07, -138.53, 0.11, 0, 
60, 8, eco17, 12, 1, 5.8, 16.5, 316.15, 155.44, -160.71, 0.12, 0, 
60, 9, eco17, 12, 1, 6.8, 14.2, 368.35, 219.86, -148.49, 0.14, 0, 
60, 10, eco17, 12, 1, 9.3, 11.3, 217.51, 170.94, -46.56, 0.18, 0, 
60, 11, eco17, 12, 1, 9.6, 7.4, 0, 91.81, 91.81, 0.18, 0, 
60, 12, eco17, 12, 1, 9.7, 5.2, 0, 74.45, 74.45, 0.19, 0, 
60, 1, eco17, 12, 1, 9.1, 4.7, 0, 68.55, 68.55, 0.18, 0, 
60, 2, eco17, 12, 1, 6.5, 4.8, 0, 66.21, 66.21, 0.13, 0, 
60, 3, eco17, 12, 1, 6.2, 6.5, 0, 103.66, 103.66, 0.13, 0, 
60, 4, eco17, 12, 1, 5.3, 8.6, 23.72, 128.99, 105.27, 0.11, 0, 
60, 5, eco17, 12, 1, 5.2, 11.7, 89.55, 141.48, 51.93, 0.11, 0, 
60, 6, eco17, 12, 1, 5.4, 14.7, 241.82, 140.37, -101.46, 0.12, 0, 
61, 7, eco17, 12, 1, 4.7, 16.7, 244.28, 106.15, -138.13, 0.11, 0, 
61, 8, eco17, 12, 1, 5.8, 16.5, 315.83, 155.56, -160.28, 0.12, 0, 
61, 9, eco17, 12, 1, 6.8, 14.2, 368.23, 219.88, -148.34, 0.14, 0, 
61, 10, eco17, 12, 1, 9.3, 11.3, 217.32, 170.98, -46.33, 0.18, 0, 
61, 11, eco17, 12, 1, 9.6, 7.4, 0, 91.82, 91.82, 0.18, 0, 
61, 12, eco17, 12, 1, 9.7, 5.2, 0, 74.46, 74.46, 0.19, 0, 
61, 1, eco17, 12, 1, 9.1, 4.7, 0, 68.57, 68.57, 0.18, 0, 
61, 2, eco17, 12, 1, 6.5, 4.8, 0, 66.23, 66.23, 0.13, 0, 
61, 3, eco17, 12, 1, 6.2, 6.5, 0, 103.7, 103.7, 0.13, 0, 
61, 4, eco17, 12, 1, 5.3, 8.6, 23.66, 129.06, 105.4, 0.11, 0, 
61, 5, eco17, 12, 1, 5.2, 11.7, 89.36, 141.56, 52.2, 0.11, 0, 
61, 6, eco17, 12, 1, 5.4, 14.7, 241.49, 140.45, -101.04, 0.12, 0, 
62, 7, eco17, 12, 1, 4.7, 16.7, 244.07, 106.22, -137.85, 0.11, 0, 
62, 8, eco17, 12, 1, 5.8, 16.5, 315.55, 155.66, -159.89, 0.12, 0, 
62, 9, eco17, 12, 1, 6.8, 14.2, 368.16, 219.92, -148.24, 0.14, 0, 
62, 10, eco17, 12, 1, 9.3, 11.3, 217.15, 171.03, -46.13, 0.18, 0, 
62, 11, eco17, 12, 1, 9.6, 7.4, 0, 91.83, 91.83, 0.18, 0, 
62, 12, eco17, 12, 1, 9.7, 5.2, 0, 74.48, 74.48, 0.19, 0, 
62, 1, eco17, 12, 1, 9.1, 4.7, 0, 68.59, 68.59, 0.18, 0, 
62, 2, eco17, 12, 1, 6.5, 4.8, 0, 66.25, 66.25, 0.13, 0, 
62, 3, eco17, 12, 1, 6.2, 6.5, 0, 103.75, 103.75, 0.13, 0, 
62, 4, eco17, 12, 1, 5.3, 8.6, 23.6, 129.12, 105.53, 0.11, 0, 
62, 5, eco17, 12, 1, 5.2, 11.7, 89.17, 141.64, 52.47, 0.11, 0, 
62, 6, eco17, 12, 1, 5.4, 14.7, 241.18, 140.54, -100.65, 0.12, 0, 
63, 7, eco17, 12, 1, 4.7, 16.7, 243.85, 106.29, -137.56, 0.11, 0, 
63, 8, eco17, 12, 1, 5.8, 16.5, 315.29, 155.76, -159.53, 0.12, 0, 
63, 9, eco17, 12, 1, 6.8, 14.2, 368.1, 219.95, -148.15, 0.14, 0, 
63, 10, eco17, 12, 1, 9.3, 11.3, 216.97, 171.07, -45.9, 0.18, 0, 
63, 11, eco17, 12, 1, 9.6, 7.4, 0, 91.84, 91.84, 0.18, 0, 
63, 12, eco17, 12, 1, 9.7, 5.2, 0, 74.49, 74.49, 0.19, 0, 
63, 1, eco17, 12, 1, 9.1, 4.7, 0, 68.61, 68.61, 0.18, 0, 
63, 2, eco17, 12, 1, 6.5, 4.8, 0, 66.27, 66.27, 0.13, 0, 
63, 3, eco17, 12, 1, 6.2, 6.5, 0, 103.79, 103.79, 0.13, 0, 
63, 4, eco17, 12, 1, 5.3, 8.6, 23.54, 129.18, 105.64, 0.11, 0, 
63, 5, eco17, 12, 1, 5.2, 11.7, 89.04, 141.71, 52.67, 0.11, 0, 
63, 6, eco17, 12, 1, 5.4, 14.7, 240.91, 140.61, -100.29, 0.12, 0, 
64, 7, eco17, 12, 1, 4.7, 16.7, 243.65, 106.35, -137.3, 0.11, 0, 
64, 8, eco17, 12, 1, 5.8, 16.5, 315.03, 155.86, -159.17, 0.12, 0, 
64, 9, eco17, 12, 1, 6.8, 14.2, 368.1, 219.98, -148.12, 0.14, 0, 
64, 10, eco17, 12, 1, 9.3, 11.3, 216.83, 171.11, -45.72, 0.18, 0, 
64, 11, eco17, 12, 1, 9.6, 7.4, 0, 91.86, 91.86, 0.18, 0, 
64, 12, eco17, 12, 1, 9.7, 5.2, 0, 74.5, 74.5, 0.19, 0, 
64, 1, eco17, 12, 1, 9.1, 4.7, 0, 68.62, 68.62, 0.18, 0, 
64, 2, eco17, 12, 1, 6.5, 4.8, 0, 66.29, 66.29, 0.13, 0, 
64, 3, eco17, 12, 1, 6.2, 6.5, 0, 103.83, 103.83, 0.13, 0, 
64, 4, eco17, 12, 1, 5.3, 8.6, 23.5, 129.24, 105.75, 0.11, 0, 
64, 5, eco17, 12, 1, 5.2, 11.7, 88.9, 141.78, 52.88, 0.11, 0, 
64, 6, eco17, 12, 1, 5.4, 14.7, 240.64, 140.69, -99.96, 0.12, 0, 
65, 7, eco17, 12, 1, 4.7, 16.7, 243.55, 106.41, -137.15, 0.11, 0, 
65, 8, eco17, 12, 1, 5.8, 16.5, 314.91, 155.95, -158.96, 0.12, 0, 
65, 9, eco17, 12, 1, 6.8, 14.2, 368.19, 220.03, -148.16, 0.14, 0, 
65, 10, eco17, 12, 1, 9.3, 11.3, 216.84, 171.16, -45.68, 0.18, 0, 
65, 11, eco17, 12, 1, 9.6, 7.4, 0, 91.88, 91.88, 0.18, 0, 
65, 12, eco17, 12, 1, 9.7, 5.2, 0, 74.53, 74.53, 0.19, 0, 
65, 1, eco17, 12, 1, 9.1, 4.7, 0, 68.65, 68.65, 0.18, 0, 
65, 2, eco17, 12, 1, 6.5, 4.8, 0, 66.31, 66.31, 0.13, 0, 
65, 3, eco17, 12, 1, 6.2, 6.5, 0, 103.88, 103.88, 0.13, 0, 
65, 4, eco17, 12, 1, 5.3, 8.6, 23.44, 129.31, 105.86, 0.11, 0, 
65, 5, eco17, 12, 1, 5.2, 11.7, 88.78, 141.85, 53.07, 0.11, 0, 
65, 6, eco17, 12, 1, 5.4, 14.7, 240.4, 140.76, -99.64, 0.12, 0, 
66, 7, eco17, 12, 1, 4.7, 16.7, 243.4, 106.47, -136.94, 0.11, 0, 
66, 8, eco17, 12, 1, 5.8, 16.5, 314.81, 156.03, -158.78, 0.12, 0, 
66, 9, eco17, 12, 1, 6.8, 14.2, 368.13, 220.07, -148.06, 0.14, 0, 
66, 10, eco17, 12, 1, 9.3, 11.3, 216.71, 171.2, -45.51, 0.18, 0, 
66, 11, eco17, 12, 1, 9.6, 7.4, 0, 91.89, 91.89, 0.18, 0, 
66, 12, eco17, 12, 1, 9.7, 5.2, 0, 74.54, 74.54, 0.19, 0, 
66, 1, eco17, 12, 1, 9.1, 4.7, 0, 68.66, 68.66, 0.18, 0, 
66, 2, eco17, 12, 1, 6.5, 4.8, 0, 66.33, 66.33, 0.13, 0, 
66, 3, eco17, 12, 1, 6.2, 6.5, 0, 103.92, 103.92, 0.13, 0, 
66, 4, eco17, 12, 1, 5.3, 8.6, 23.4, 129.36, 105.96, 0.11, 0, 
66, 5, eco17, 12, 1, 5.2, 11.7, 88.68, 141.92, 53.23, 0.11, 0, 
66, 6, eco17, 12, 1, 5.4, 14.7, 240.25, 140.83, -99.42, 0.12, 0, 
67, 7, eco17, 12, 1, 4.7, 16.7, 243.3, 106.52, -136.77, 0.11, 0, 
67, 8, eco17, 12, 1, 5.8, 16.5, 314.61, 156.12, -158.5, 0.12, 0, 
67, 9, eco17, 12, 1, 6.8, 14.2, 368.23, 220.11, -148.12, 0.14, 0, 
67, 10, eco17, 12, 1, 9.3, 11.3, 216.62, 171.25, -45.37, 0.18, 0, 
67, 11, eco17, 12, 1, 9.6, 7.4, 0, 91.91, 91.91, 0.18, 0, 
67, 12, eco17, 12, 1, 9.7, 5.2, 0, 74.56, 74.56, 0.19, 0, 
67, 1, eco17, 12, 1, 9.1, 4.7, 0, 68.68, 68.68, 0.18, 0, 
67, 2, eco17, 12, 1, 6.5, 4.8, 0, 66.35, 66.35, 0.13, 0, 
67, 3, eco17, 12, 1, 6.2, 6.5, 0, 103.96, 103.96, 0.13, 0, 
67, 4, eco17, 12, 1, 5.3, 8.6, 23.34, 129.41, 106.07, 0.11, 0, 
67, 5, eco17, 12, 1, 5.2, 11.7, 88.58, 141.98, 53.4, 0.11, 0, 
67, 6, eco17, 12, 1, 5.4, 14.7, 240.04, 140.9, -99.15, 0.12, 0, 
68, 7, eco17, 12, 1, 4.7, 16.7, 243.15, 106.57, -136.58, 0.11, 0, 
68, 8, eco17, 12, 1, 5.8, 16.5, 314.45, 156.19, -158.26, 0.12, 0, 
68, 9, eco17, 12, 1, 6.8, 14.2, 368.29, 220.14, -148.15, 0.14, 0, 
68, 10, eco17, 12, 1, 9.3, 11.3, 216.55, 171.29, -45.26, 0.18, 0, 
68, 11, eco17, 12, 1, 9.6, 7.4, 0, 91.93, 91.93, 0.18, 0, 
68, 12, eco17, 12, 1, 9.7, 5.2, 0, 74.58, 74.58, 0.19, 0, 
68, 1, eco17, 12, 1, 9.1, 4.7, 0, 68.7, 68.7, 0.18, 0, 
68, 2, eco17, 12, 1, 6.5, 4.8, 0, 66.37, 66.37, 0.13, 0, 
68, 3, eco17, 12, 1, 6.2, 6.5, 0, 104, 104, 0.13, 0, 
68, 4, eco17, 12, 1, 5.3, 8.6, 23.29, 129.47, 106.17, 0.11, 0, 
68, 5, eco17, 12, 1, 5.2, 11.7, 88.48, 142.04, 53.56, 0.11, 0, 
68, 6, eco17, 12, 1, 5.4, 14.7, 239.9, 140.96, -98.94, 0.12, 0, 
69, 7, eco17, 12, 1, 4.7, 16.7, 243.13, 106.62, -136.5, 0.11, 0, 
69, 8, eco17, 12, 1, 5.8, 16.5, 314.47, 156.27, -158.2, 0.12, 0, 
69, 9, eco17, 12, 1, 6.8, 14.2, 368.48, 220.19, -148.29, 0.14, 0, 
69, 10, eco17, 12, 1, 9.3, 11.3, 216.51, 171.35, -45.16, 0.18, 0, 
69, 11, eco17, 12, 1, 9.6, 7.4, 0, 91.95, 91.95, 0.18, 0, 
69, 12, eco17, 12, 1, 9.7, 5.2, 0, 74.6, 74.6, 0.19, 0, 
69, 1, eco17, 12, 1, 9.1, 4.7, 0, 68.72, 68.72, 0.18, 0, 
69, 2, eco17, 12, 1, 6.5, 4.8, 0, 66.4, 66.4, 0.13, 0, 
69, 3, eco17, 12, 1, 6.2, 6.5, 0, 104.04, 104.04, 0.13, 0, 
69, 4, eco17, 12, 1, 5.3, 8.6, 23.24, 129.52, 106.28, 0.11, 0, 
69, 5, eco17, 12, 1, 5.2, 11.7, 88.4, 142.1, 53.71, 0.11, 0, 
69, 6, eco17, 12, 1, 5.4, 14.7, 239.74, 141.03, -98.71, 0.12, 0, 
70, 7, eco17, 12, 1, 4.7, 16.7, 242.93, 106.67, -136.25, 0.11, 0, 
70, 8, eco17, 12, 1, 5.8, 16.5, 314.3, 156.35, -157.95, 0.12, 0, 
70, 9, eco17, 12, 1, 6.8, 14.2, 368.56, 220.22, -148.34, 0.14, 0, 
70, 10, eco17, 12, 1, 9.3, 11.3, 216.5, 171.39, -45.12, 0.18, 0, 
70, 11, eco17, 12, 1, 9.6, 7.4, 0, 91.97, 91.97, 0.18, 0, 
70, 12, eco17, 12, 1, 9.7, 5.2, 0, 74.62, 74.62, 0.19, 0, 
70, 1, eco17, 12, 1, 9.1, 4.7, 0, 68.74, 68.74, 0.18, 0, 
70, 2, eco17, 12, 1, 6.5, 4.8, 0, 66.41, 66.41, 0.13, 0, 
70, 3, eco17, 12, 1, 6.2, 6.5, 0, 104.08, 104.08, 0.13, 0, 
70, 4, eco17, 12, 1, 5.3, 8.6, 23.19, 129.57, 106.38, 0.11, 0, 
70, 5, eco17, 12, 1, 5.2, 11.7, 88.33, 142.16, 53.83, 0.11, 0, 
70, 6, eco17, 12, 1, 5.4, 14.7, 239.59, 141.09, -98.51, 0.12, 0, 
71, 7, eco17, 12, 1, 4.7, 16.7, 242.83, 106.72, -136.1, 0.11, 0, 
71, 8, eco17, 12, 1, 5.8, 16.5, 314.24, 156.42, -157.82, 0.12, 0, 
71, 9, eco17, 12, 1, 6.8, 14.2, 368.67, 220.26, -148.41, 0.14, 0, 
71, 10, eco17, 12, 1, 9.3, 11.3, 216.43, 171.43, -44.99, 0.18, 0, 
71, 11, eco17, 12, 1, 9.6, 7.4, 0, 91.99, 91.99, 0.18, 0, 
71, 12, eco17, 12, 1, 9.7, 5.2, 0, 74.63, 74.63, 0.19, 0, 
71, 1, eco17, 12, 1, 9.1, 4.7, 0, 68.76, 68.76, 0.18, 0, 
71, 2, eco17, 12, 1, 6.5, 4.8, 0, 66.43, 66.43, 0.13, 0, 
71, 3, eco17, 12, 1, 6.2, 6.5, 0, 104.11, 104.11, 0.13, 0, 
71, 4, eco17, 12, 1, 5.3, 8.6, 23.14, 129.62, 106.48, 0.11, 0, 
71, 5, eco17, 12, 1, 5.2, 11.7, 88.26, 142.22, 53.96, 0.11, 0, 
71, 6, eco17, 12, 1, 5.4, 14.7, 239.5, 141.15, -98.35, 0.12, 0, 
72, 7, eco17, 12, 1, 4.7, 16.7, 242.8, 106.77, -136.03, 0.11, 0, 
72, 8, eco17, 12, 1, 5.8, 16.5, 314.18, 156.49, -157.7, 0.12, 0, 
72, 9, eco17, 12, 1, 6.8, 14.2, 368.81, 220.3, -148.51, 0.14, 0, 
72, 10, eco17, 12, 1, 9.3, 11.3, 216.41, 171.48, -44.93, 0.18, 0, 
72, 11, eco17, 12, 1, 9.6, 7.4, 0, 92.01, 92.01, 0.18, 0, 
72, 12, eco17, 12, 1, 9.7, 5.2, 0, 74.66, 74.66, 0.19, 0, 
72, 1, eco17, 12, 1, 9.1, 4.7, 0, 68.78, 68.78, 0.18, 0, 
72, 2, eco17, 12, 1, 6.5, 4.8, 0, 66.46, 66.46, 0.13, 0, 
72, 3, eco17, 12, 1, 6.2, 6.5, 0, 104.15, 104.15, 0.13, 0, 
72, 4, eco17, 12, 1, 5.3, 8.6, 23.09, 129.67, 106.59, 0.11, 0, 
72, 5, eco17, 12, 1, 5.2, 11.7, 88.18, 142.28, 54.1, 0.11, 0, 
72, 6, eco17, 12, 1, 5.4, 14.7, 239.36, 141.21, -98.16, 0.12, 0, 
73, 7, eco17, 12, 1, 4.7, 16.7, 242.72, 106.82, -135.9, 0.11, 0, 
73, 8, eco17, 12, 1, 5.8, 16.5, 314.14, 156.56, -157.58, 0.12, 0, 
73, 9, eco17, 12, 1, 6.8, 14.2, 368.95, 220.34, -148.61, 0.14, 0, 
73, 10, eco17, 12, 1, 9.3, 11.3, 216.41, 171.53, -44.88, 0.18, 0, 
73, 11, eco17, 12, 1, 9.6, 7.4, 0, 92.03, 92.03, 0.18, 0, 
73, 12, eco17, 12, 1, 9.7, 5.2, 0, 74.68, 74.68, 0.19, 0, 
73, 1, eco17, 12, 1, 9.1, 4.7, 0, 68.8, 68.8, 0.18, 0, 
73, 2, eco17, 12, 1, 6.5, 4.8, 0, 66.48, 66.48, 0.13, 0, 
73, 3, eco17, 12, 1, 6.2, 6.5, 0, 104.19, 104.19, 0.13, 0, 
73, 4, eco17, 12, 1, 5.3, 8.6, 23.03, 129.72, 106.69, 0.11, 0, 
73, 5, eco17, 12, 1, 5.2, 11.7, 88.12, 142.34, 54.21, 0.11, 0, 
73, 6, eco17, 12, 1, 5.4, 14.7, 239.26, 141.27, -97.99, 0.12, 0, 
74, 7, eco17, 12, 1, 4.7, 16.7, 242.69, 106.86, -135.82, 0.11, 0, 
74, 8, eco17, 12, 1, 5.8, 16.5, 314.12, 156.63, -157.49, 0.12, 0, 
74, 9, eco17, 12, 1, 6.8, 14.2, 369.15, 220.39, -148.76, 0.14, 0, 
74, 10, eco17, 12, 1, 9.3, 11.3, 216.42, 171.58, -44.84, 0.18, 0, 
74, 11, eco17, 12, 1, 9.6, 7.4, 0, 92.06, 92.06, 0.18, 0, 
74, 12, eco17, 12, 1, 9.7, 5.2, 0, 74.7, 74.7, 0.19, 0, 
74, 1, eco17, 12, 1, 9.1, 4.7, 0, 68.82, 68.82, 0.18, 0, 
74, 2, eco17, 12, 1, 6.5, 4.8, 0, 66.5, 66.5, 0.13, 0, 
74, 3, eco17, 12, 1, 6.2, 6.5, 0, 104.23, 104.23, 0.13, 0, 
74, 4, eco17, 12, 1, 5.3, 8.6, 22.98, 129.78, 106.8, 0.11, 0, 
74, 5, eco17, 12, 1, 5.2, 11.7, 88.09, 142.4, 54.3, 0.11, 0, 
74, 6, eco17, 12, 1, 5.4, 14.7, 239.21, 141.33, -97.88, 0.12, 0, 
75, 7, eco17, 12, 1, 4.7, 16.7, 242.6, 106.91, -135.69, 0.11, 0, 
75, 8, eco17, 12, 1, 5.8, 16.5, 314.06, 156.7, -157.36, 0.12, 0, 
75, 9, eco17, 12, 1, 6.8, 14.2, 369.31, 220.43, -148.87, 0.14, 0, 
75, 10, eco17, 12, 1, 9.3, 11.3, 216.42, 171.63, -44.79, 0.18, 0, 
75, 11, eco17, 12, 1, 9.6, 7.4, 0, 92.08, 92.08, 0.18, 0, 
75, 12, eco17, 12, 1, 9.7, 5.2, 0, 74.72, 74.72, 0.19, 0, 
75, 1, eco17, 12, 1, 9.1, 4.7, 0, 68.85, 68.85, 0.18, 0, 
75, 2, eco17, 12, 1, 6.5, 4.8, 0, 66.52, 66.52, 0.13, 0, 
75, 3, eco17, 12, 1, 6.2, 6.5, 0, 104.27, 104.27, 0.13, 0, 
75, 4, eco17, 12, 1, 5.3, 8.6, 22.92, 129.83, 106.91, 0.11, 0, 
75, 5, eco17, 12, 1, 5.2, 11.7, 88.06, 142.46, 54.4, 0.11, 0, 
75, 6, eco17, 12, 1, 5.4, 14.7, 239.09, 141.39, -97.7, 0.12, 0, 
76, 7, eco17, 12, 1, 4.7, 16.7, 242.56, 106.96, -135.6, 0.11, 0, 
76, 8, eco17, 12, 1, 5.8, 16.5, 314.03, 156.77, -157.27, 0.12, 0, 
76, 9, eco17, 12, 1, 6.8, 14.2, 369.65, 220.48, -149.17, 0.14, 0, 
76, 10, eco17, 12, 1, 9.3, 11.3, 216.37, 171.69, -44.68, 0.18, 0, 
76, 11, eco17, 12, 1, 9.6, 7.4, 0, 92.11, 92.11, 0.18, 0, 
76, 12, eco17, 12, 1, 9.7, 5.2, 0, 74.75, 74.75, 0.19, 0, 
76, 1, eco17, 12, 1, 9.1, 4.7, 0, 68.87, 68.87, 0.18, 0, 
76, 2, eco17, 12, 1, 6.5, 4.8, 0, 66.55, 66.55, 0.13, 0, 
76, 3, eco17, 12, 1, 6.2, 6.5, 0, 104.31, 104.31, 0.13, 0, 
76, 4, eco17, 12, 1, 5.3, 8.6, 22.86, 129.88, 107.02, 0.11, 0, 
76, 5, eco17, 12, 1, 5.2, 11.7, 88, 142.52, 54.52, 0.11, 0, 
76, 6, eco17, 12, 1, 5.4, 14.7, 238.96, 141.45, -97.5, 0.12, 0, 
77, 7, eco17, 12, 1, 4.7, 16.7, 242.45, 107.01, -135.45, 0.11, 0, 
77, 8, eco17, 12, 1, 5.8, 16.5, 314.04, 156.84, -157.2, 0.12, 0, 
77, 9, eco17, 12, 1, 6.8, 14.2, 369.87, 220.52, -149.35, 0.14, 0, 
77, 10, eco17, 12, 1, 9.3, 11.3, 216.41, 171.75, -44.67, 0.18, 0, 
77, 11, eco17, 12, 1, 9.6, 7.4, 0, 92.14, 92.14, 0.18, 0, 
77, 12, eco17, 12, 1, 9.7, 5.2, 0, 74.77, 74.77, 0.19, 0, 
77, 1, eco17, 12, 1, 9.1, 4.7, 0, 68.9, 68.9, 0.18, 0, 
77, 2, eco17, 12, 1, 6.5, 4.8, 0, 66.57, 66.57, 0.13, 0, 
77, 3, eco17, 12, 1, 6.2, 6.5, 0, 104.35, 104.35, 0.13, 0, 
77, 4, eco17, 12, 1, 5.3, 8.6, 22.8, 129.94, 107.14, 0.11, 0, 
77, 5, eco17, 12, 1, 5.2, 11.7, 87.99, 142.58, 54.59, 0.11, 0, 
77, 6, eco17, 12, 1, 5.4, 14.7, 238.94, 141.52, -97.43, 0.12, 0, 
78, 7, eco17, 12, 1, 4.7, 16.7, 242.41, 107.06, -135.35, 0.11, 0, 
78, 8, eco17, 12, 1, 5.8, 16.5, 314.06, 156.92, -157.15, 0.12, 0, 
78, 9, eco17, 12, 1, 6.8, 14.2, 370.15, 220.58, -149.57, 0.14, 0, 
78, 10, eco17, 12, 1, 9.3, 11.3, 216.42, 171.81, -44.6, 0.18, 0, 
78, 11, eco17, 12, 1, 9.6, 7.4, 0, 92.17, 92.17, 0.18, 0, 
78, 12, eco17, 12, 1, 9.7, 5.2, 0, 74.8, 74.8, 0.19, 0, 
78, 1, eco17, 12, 1, 9.1, 4.7, 0, 68.92, 68.92, 0.18, 0, 
78, 2, eco17, 12, 1, 6.5, 4.8, 0, 66.6, 66.6, 0.13, 0, 
78, 3, eco17, 12, 1, 6.2, 6.5, 0, 104.4, 104.4, 0.13, 0, 
78, 4, eco17, 12, 1, 5.3, 8.6, 22.74, 129.99, 107.25, 0.11, 0, 
78, 5, eco17, 12, 1, 5.2, 11.7, 87.97, 142.65, 54.68, 0.11, 0, 
78, 6, eco17, 12, 1, 5.4, 14.7, 238.9, 141.58, -97.32, 0.12, 0, 
79, 7, eco17, 12, 1, 4.7, 16.7, 242.37, 107.11, -135.27, 0.11, 0, 
79, 8, eco17, 12, 1, 5.8, 16.5, 314.01, 156.99, -157.02, 0.12, 0, 
79, 9, eco17, 12, 1, 6.8, 14.2, 370.34, 220.63, -149.71, 0.14, 0, 
79, 10, eco17, 12, 1, 9.3, 11.3, 216.42, 171.87, -44.55, 0.18, 0, 
79, 11, eco17, 12, 1, 9.6, 7.4, 0, 92.2, 92.2, 0.18, 0, 
79, 12, eco17, 12, 1, 9.7, 5.2, 0, 74.83, 74.83, 0.19, 0, 
79, 1, eco17, 12, 1, 9.1, 4.7, 0, 68.95, 68.95, 0.18, 0, 
79, 2, eco17, 12, 1, 6.5, 4.8, 0, 66.63, 66.63, 0.13, 0, 
79, 3, eco17, 12, 1, 6.2, 6.5, 0, 104.44, 104.44, 0.13, 0, 
79, 4, eco17, 12, 1, 5.3, 8.6, 22.67, 130.05, 107.38, 0.11, 0, 
79, 5, eco17, 12, 1, 5.2, 11.7, 87.93, 142.71, 54.78, 0.11, 0, 
79, 6, eco17, 12, 1, 5.4, 14.7, 238.82, 141.65, -97.16, 0.12, 0, 
80, 7, eco17, 12, 1, 4.7, 16.7, 242.28, 107.16, -135.12, 0.11, 0, 
80, 8, eco17, 12, 1, 5.8, 16.5, 314.04, 157.07, -156.97, 0.12, 0, 
80, 9, eco17, 12, 1, 6.8, 14.2, 370.75, 220.69, -150.06, 0.14, 0, 
80, 10, eco17, 12, 1, 9.3, 11.3, 216.5, 171.94, -44.55, 0.18, 0, 
80, 11, eco17, 12, 1, 9.6, 7.4, 0, 92.24, 92.24, 0.18, 0, 
80, 12, eco17, 12, 1, 9.7, 5.2, 0, 74.86, 74.86, 0.19, 0, 
80, 1, eco17, 12, 1, 9.1, 4.7, 0, 68.98, 68.98, 0.18, 0, 
80, 2, eco17, 12, 1, 6.5, 4.8, 0, 66.66, 66.66, 0.13, 0, 
80, 3, eco17, 12, 1, 6.2, 6.5, 0, 104.49, 104.49, 0.13, 0, 
80, 4, eco17, 12, 1, 5.3, 8.6, 22.6, 130.12, 107.51, 0.11, 0, 
80, 5, eco17, 12, 1, 5.2, 11.7, 87.93, 142.78, 54.85, 0.11, 0, 
80, 6, eco17, 12, 1, 5.4, 14.7, 238.82, 141.72, -97.1, 0.12, 0, 
81, 7, eco17, 12, 1, 4.7, 16.7, 242.2, 107.22, -134.98, 0.11, 0, 
81, 8, eco17, 12, 1, 5.8, 16.5, 314.01, 157.15, -156.86, 0.12, 0, 
81, 9, eco17, 12, 1, 6.8, 14.2, 371.05, 220.75, -150.3, 0.14, 0, 
81, 10, eco17, 12, 1, 9.3, 11.3, 216.52, 172.01, -44.5, 0.18, 0, 
81, 11, eco17, 12, 1, 9.6, 7.4, 0, 92.28, 92.28, 0.18, 0, 
81, 12, eco17, 12, 1, 9.7, 5.2, 0, 74.89, 74.89, 0.19, 0, 
81, 1, eco17, 12, 1, 9.1, 4.7, 0, 69.01, 69.01, 0.18, 0, 
81, 2, eco17, 12, 1, 6.5, 4.8, 0, 66.69, 66.69, 0.13, 0, 
81, 3, eco17, 12, 1, 6.2, 6.5, 0, 104.55, 104.55, 0.13, 0, 
81, 4, eco17, 12, 1, 5.3, 8.6, 22.53, 130.18, 107.65, 0.11, 0, 
81, 5, eco17, 12, 1, 5.2, 11.7, 87.92, 142.86, 54.93, 0.11, 0, 
81, 6, eco17, 12, 1, 5.4, 14.7, 238.79, 141.8, -96.99, 0.12, 0, 
82, 7, eco17, 12, 1, 4.7, 16.7, 242.19, 107.27, -134.92, 0.11, 0, 
82, 8, eco17, 12, 1, 5.8, 16.5, 314.11, 157.24, -156.87, 0.12, 0, 
82, 9, eco17, 12, 1, 6.8, 14.2, 371.41, 220.82, -150.59, 0.14, 0, 
82, 10, eco17, 12, 1, 9.3, 11.3, 216.55, 172.09, -44.46, 0.18, 0, 
82, 11, eco17, 12, 1, 9.6, 7.4, 0, 92.32, 92.32, 0.18, 0, 
82, 12, eco17, 12, 1, 9.7, 5.2, 0, 74.93, 74.93, 0.19, 0, 
82, 1, eco17, 12, 1, 9.1, 4.7, 0, 69.05, 69.05, 0.18, 0, 
82, 2, eco17, 12, 1, 6.5, 4.8, 0, 66.73, 66.73, 0.13, 0, 
82, 3, eco17, 12, 1, 6.2, 6.5, 0, 104.6, 104.6, 0.13, 0, 
82, 4, eco17, 12, 1, 5.3, 8.6, 22.46, 130.25, 107.79, 0.11, 0, 
82, 5, eco17, 12, 1, 5.2, 11.7, 87.94, 142.93, 54.99, 0.11, 0, 
82, 6, eco17, 12, 1, 5.4, 14.7, 238.77, 141.88, -96.89, 0.12, 0, 
83, 7, eco17, 12, 1, 4.7, 16.7, 242.09, 107.33, -134.76, 0.11, 0, 
83, 8, eco17, 12, 1, 5.8, 16.5, 314.07, 157.33, -156.74, 0.12, 0, 
83, 9, eco17, 12, 1, 6.8, 14.2, 371.81, 220.88, -150.92, 0.14, 0, 
83, 10, eco17, 12, 1, 9.3, 11.3, 216.56, 172.17, -44.39, 0.18, 0, 
83, 11, eco17, 12, 1, 9.6, 7.4, 0, 92.36, 92.36, 0.18, 0, 
83, 12, eco17, 12, 1, 9.7, 5.2, 0, 74.97, 74.97, 0.19, 0, 
83, 1, eco17, 12, 1, 9.1, 4.7, 0, 69.08, 69.08, 0.18, 0, 
83, 2, eco17, 12, 1, 6.5, 4.8, 0, 66.77, 66.77, 0.13, 0, 
83, 3, eco17, 12, 1, 6.2, 6.5, 0, 104.66, 104.66, 0.13, 0, 
83, 4, eco17, 12, 1, 5.3, 8.6, 22.39, 130.32, 107.93, 0.11, 0, 
83, 5, eco17, 12, 1, 5.2, 11.7, 87.96, 143.01, 55.06, 0.11, 0, 
83, 6, eco17, 12, 1, 5.4, 14.7, 238.76, 141.96, -96.8, 0.12, 0, 
84, 7, eco17, 12, 1, 4.7, 16.7, 242.02, 107.4, -134.62, 0.11, 0, 
84, 8, eco17, 12, 1, 5.8, 16.5, 314.18, 157.42, -156.75, 0.12, 0, 
84, 9, eco17, 12, 1, 6.8, 14.2, 372.23, 220.96, -151.27, 0.14, 0, 
84, 10, eco17, 12, 1, 9.3, 11.3, 216.62, 172.26, -44.35, 0.18, 0, 
84, 11, eco17, 12, 1, 9.6, 7.4, 0, 92.41, 92.41, 0.18, 0, 
84, 12, eco17, 12, 1, 9.7, 5.2, 0, 75.01, 75.01, 0.19, 0, 
84, 1, eco17, 12, 1, 9.1, 4.7, 0, 69.12, 69.12, 0.18, 0, 
84, 2, eco17, 12, 1, 6.5, 4.8, 0, 66.81, 66.81, 0.13, 0, 
84, 3, eco17, 12, 1, 6.2, 6.5, 0, 104.72, 104.72, 0.13, 0, 
84, 4, eco17, 12, 1, 5.3, 8.6, 22.31, 130.4, 108.09, 0.11, 0, 
84, 5, eco17, 12, 1, 5.2, 11.7, 87.96, 143.1, 55.14, 0.11, 0, 
84, 6, eco17, 12, 1, 5.4, 14.7, 238.74, 142.05, -96.69, 0.12, 0, 
85, 7, eco17, 12, 1, 4.7, 16.7, 241.97, 107.46, -134.51, 0.11, 0, 
85, 8, eco17, 12, 1, 5.8, 16.5, 314.1, 157.52, -156.58, 0.12, 0, 
85, 9, eco17, 12, 1, 6.8, 14.2, 372.69, 221.03, -151.66, 0.14, 0, 
85, 10, eco17, 12, 1, 9.3, 11.3, 216.63, 172.35, -44.28, 0.18, 0, 
85, 11, eco17, 12, 1, 9.6, 7.4, 0, 92.46, 92.46, 0.18, 0, 
85, 12, eco17, 12, 1, 9.7, 5.2, 0, 75.05, 75.05, 0.19, 0, 
85, 1, eco17, 12, 1, 9.1, 4.7, 0, 69.16, 69.16, 0.18, 0, 
85, 2, eco17, 12, 1, 6.5, 4.8, 0, 66.84, 66.84, 0.13, 0, 
85, 3, eco17, 12, 1, 6.2, 6.5, 0, 104.78, 104.78, 0.13, 0, 
85, 4, eco17, 12, 1, 5.3, 8.6, 22.23, 130.47, 108.24, 0.11, 0, 
85, 5, eco17, 12, 1, 5.2, 11.7, 87.99, 143.19, 55.19, 0.11, 0, 
85, 6, eco17, 12, 1, 5.4, 14.7, 238.83, 142.14, -96.7, 0.12, 0, 
86, 7, eco17, 12, 1, 4.7, 16.7, 241.9, 107.53, -134.36, 0.11, 0, 
86, 8, eco17, 12, 1, 5.8, 16.5, 314.12, 157.63, -156.49, 0.12, 0, 
86, 9, eco17, 12, 1, 6.8, 14.2, 373.16, 221.12, -152.04, 0.14, 0, 
86, 10, eco17, 12, 1, 9.3, 11.3, 216.74, 172.45, -44.29, 0.18, 0, 
86, 11, eco17, 12, 1, 9.6, 7.4, 0, 92.51, 92.51, 0.18, 0, 
86, 12, eco17, 12, 1, 9.7, 5.2, 0, 75.09, 75.09, 0.19, 0, 
86, 1, eco17, 12, 1, 9.1, 4.7, 0, 69.21, 69.21, 0.18, 0, 
86, 2, eco17, 12, 1, 6.5, 4.8, 0, 66.89, 66.89, 0.13, 0, 
86, 3, eco17, 12, 1, 6.2, 6.5, 0, 104.85, 104.85, 0.13, 0, 
86, 4, eco17, 12, 1, 5.3, 8.6, 22.15, 130.56, 108.41, 0.11, 0, 
86, 5, eco17, 12, 1, 5.2, 11.7, 88.02, 143.28, 55.26, 0.11, 0, 
86, 6, eco17, 12, 1, 5.4, 14.7, 238.84, 142.23, -96.61, 0.12, 0, 
87, 7, eco17, 12, 1, 4.7, 16.7, 241.79, 107.6, -134.19, 0.11, 0, 
87, 8, eco17, 12, 1, 5.8, 16.5, 314.11, 157.73, -156.38, 0.12, 0, 
87, 9, eco17, 12, 1, 6.8, 14.2, 373.68, 221.2, -152.49, 0.14, 0, 
87, 10, eco17, 12, 1, 9.3, 11.3, 216.78, 172.55, -44.23, 0.18, 0, 
87, 11, eco17, 12, 1, 9.6, 7.4, 0, 92.56, 92.56, 0.18, 0, 
87, 12, eco17, 12, 1, 9.7, 5.2, 0, 75.14, 75.14, 0.19, 0, 
87, 1, eco17, 12, 1, 9.1, 4.7, 0, 69.25, 69.25, 0.18, 0, 
87, 2, eco17, 12, 1, 6.5, 4.8, 0, 66.93, 66.93, 0.13, 0, 
87, 3, eco17, 12, 1, 6.2, 6.5, 0, 104.91, 104.91, 0.13, 0, 
87, 4, eco17, 12, 1, 5.3, 8.6, 22.07, 130.64, 108.57, 0.11, 0, 
87, 5, eco17, 12, 1, 5.2, 11.7, 88.09, 143.38, 55.29, 0.11, 0, 
87, 6, eco17, 12, 1, 5.4, 14.7, 238.91, 142.33, -96.58, 0.12, 0, 
88, 7, eco17, 12, 1, 4.7, 16.7, 241.71, 107.68, -134.03, 0.11, 0, 
88, 8, eco17, 12, 1, 5.8, 16.5, 314.15, 157.84, -156.31, 0.12, 0, 
88, 9, eco17, 12, 1, 6.8, 14.2, 374.24, 221.29, -152.95, 0.14, 0, 
88, 10, eco17, 12, 1, 9.3, 11.3, 216.86, 172.66, -44.2, 0.18, 0, 
88, 11, eco17, 12, 1, 9.6, 7.4, 0, 92.62, 92.62, 0.18, 0, 
88, 12, eco17, 12, 1, 9.7, 5.2, 0, 75.19, 75.19, 0.19, 0, 
88, 1, eco17, 12, 1, 9.1, 4.7, 0, 69.3, 69.3, 0.18, 0, 
88, 2, eco17, 12, 1, 6.5, 4.8, 0, 66.98, 66.98, 0.13, 0, 
88, 3, eco17, 12, 1, 6.2, 6.5, 0, 104.99, 104.99, 0.13, 0, 
88, 4, eco17, 12, 1, 5.3, 8.6, 21.99, 130.73, 108.75, 0.11, 0, 
88, 5, eco17, 12, 1, 5.2, 11.7, 88.15, 143.48, 55.33, 0.11, 0, 
88, 6, eco17, 12, 1, 5.4, 14.7, 238.99, 142.43, -96.56, 0.12, 0, 
89, 7, eco17, 12, 1, 4.7, 16.7, 241.67, 107.76, -133.91, 0.11, 0, 
89, 8, eco17, 12, 1, 5.8, 16.5, 314.1, 157.96, -156.14, 0.12, 0, 
89, 9, eco17, 12, 1, 6.8, 14.2, 374.77, 221.39, -153.38, 0.14, 0, 
89, 10, eco17, 12, 1, 9.3, 11.3, 216.91, 172.77, -44.14, 0.18, 0, 
89, 11, eco17, 12, 1, 9.6, 7.4, 0, 92.68, 92.68, 0.18, 0, 
89, 12, eco17, 12, 1, 9.7, 5.2, 0, 75.24, 75.24, 0.19, 0, 
89, 1, eco17, 12, 1, 9.1, 4.7, 0, 69.35, 69.35, 0.18, 0, 
89, 2, eco17, 12, 1, 6.5, 4.8, 0, 67.03, 67.03, 0.13, 0, 
89, 3, eco17, 12, 1, 6.2, 6.5, 0, 105.06, 105.06, 0.13, 0, 
89, 4, eco17, 12, 1, 5.3, 8.6, 21.9, 130.83, 108.93, 0.11, 0, 
89, 5, eco17, 12, 1, 5.2, 11.7, 88.19, 143.58, 55.39, 0.11, 0, 
89, 6, eco17, 12, 1, 5.4, 14.7, 239.16, 142.53, -96.62, 0.12, 0, 
90, 7, eco17, 12, 1, 4.7, 16.7, 241.57, 107.84, -133.73, 0.11, 0, 
90, 8, eco17, 12, 1, 5.8, 16.5, 314.11, 158.08, -156.03, 0.12, 0, 
90, 9, eco17, 12, 1, 6.8, 14.2, 375.42, 221.49, -153.93, 0.14, 0, 
90, 10, eco17, 12, 1, 9.3, 11.3, 217.04, 172.89, -44.15, 0.18, 0, 
90, 11, eco17, 12, 1, 9.6, 7.4, 0, 92.75, 92.75, 0.18, 0, 
90, 12, eco17, 12, 1, 9.7, 5.2, 0, 75.3, 75.3, 0.19, 0, 
90, 1, eco17, 12, 1, 9.1, 4.7, 0, 69.4, 69.4, 0.18, 0, 
90, 2, eco17, 12, 1, 6.5, 4.8, 0, 67.08, 67.08, 0.13, 0, 
90, 3, eco17, 12, 1, 6.2, 6.5, 0, 105.14, 105.14, 0.13, 0, 
90, 4, eco17, 12, 1, 5.3, 8.6, 21.81, 130.93, 109.12, 0.11, 0, 
90, 5, eco17, 12, 1, 5.2, 11.7, 88.28, 143.69, 55.41, 0.11, 0, 
90, 6, eco17, 12, 1, 5.4, 14.7, 239.51, 142.65, -96.86, 0.12, 0, 
91, 7, eco17, 12, 1, 4.7, 16.7, 241.55, 107.92, -133.63, 0.11, 0, 
91, 8, eco17, 12, 1, 5.8, 16.5, 314.17, 158.2, -155.96, 0.12, 0, 
91, 9, eco17, 12, 1, 6.8, 14.2, 375.8, 221.63, -154.17, 0.14, 0, 
91, 10, eco17, 12, 1, 9.3, 11.3, 217.02, 173.01, -44.01, 0.18, 0, 
91, 11, eco17, 12, 1, 9.6, 7.4, 0, 92.81, 92.81, 0.18, 0, 
91, 12, eco17, 12, 1, 9.7, 5.2, 0, 75.35, 75.35, 0.19, 0, 
91, 1, eco17, 12, 1, 9.1, 4.7, 0, 69.45, 69.45, 0.18, 0, 
91, 2, eco17, 12, 1, 6.5, 4.8, 0, 67.13, 67.13, 0.13, 0, 
91, 3, eco17, 12, 1, 6.2, 6.5, 0, 105.22, 105.22, 0.13, 0, 
91, 4, eco17, 12, 1, 5.3, 8.6, 21.72, 131.03, 109.3, 0.11, 0, 
91, 5, eco17, 12, 1, 5.2, 11.7, 88.36, 143.8, 55.44, 0.11, 0, 
91, 6, eco17, 12, 1, 5.4, 14.7, 239.83, 142.76, -97.07, 0.12, 0, 
92, 7, eco17, 12, 1, 4.7, 16.7, 241.57, 108.01, -133.56, 0.11, 0, 
92, 8, eco17, 12, 1, 5.8, 16.5, 314.17, 158.33, -155.84, 0.12, 0, 
92, 9, eco17, 12, 1, 6.8, 14.2, 376.09, 221.76, -154.33, 0.14, 0, 
92, 10, eco17, 12, 1, 9.3, 11.3, 217.05, 173.12, -43.93, 0.18, 0, 
92, 11, eco17, 12, 1, 9.6, 7.4, 0, 92.87, 92.87, 0.18, 0, 
92, 12, eco17, 12, 1, 9.7, 5.2, 0, 75.4, 75.4, 0.19, 0, 
92, 1, eco17, 12, 1, 9.1, 4.7, 0, 69.51, 69.51, 0.18, 0, 
92, 2, eco17, 12, 1, 6.5, 4.8, 0, 67.19, 67.19, 0.13, 0, 
92, 3, eco17, 12, 1, 6.2, 6.5, 0, 105.3, 105.3, 0.13, 0, 
92, 4, eco17, 12, 1, 5.3, 8.6, 21.63, 131.13, 109.5, 0.11, 0, 
92, 5, eco17, 12, 1, 5.2, 11.7, 88.44, 143.92, 55.47, 0.11, 0, 
92, 6, eco17, 12, 1, 5.4, 14.7, 240.15, 142.87, -97.28, 0.12, 0, 
93, 7, eco17, 12, 1, 4.7, 16.7, 241.59, 108.1, -133.5, 0.11, 0, 
93, 8, eco17, 12, 1, 5.8, 16.5, 314.23, 158.46, -155.77, 0.12, 0, 
93, 9, eco17, 12, 1, 6.8, 14.2, 376.36, 221.9, -154.46, 0.14, 0, 
93, 10, eco17, 12, 1, 9.3, 11.3, 217.07, 173.24, -43.83, 0.18, 0, 
93, 11, eco17, 12, 1, 9.6, 7.4, 0, 92.93, 92.93, 0.18, 0, 
93, 12, eco17, 12, 1, 9.7, 5.2, 0, 75.46, 75.46, 0.19, 0, 
93, 1, eco17, 12, 1, 9.1, 4.7, 0, 69.56, 69.56, 0.18, 0, 
93, 2, eco17, 12, 1, 6.5, 4.8, 0, 67.24, 67.24, 0.13, 0, 
93, 3, eco17, 12, 1, 6.2, 6.5, 0, 105.38, 105.38, 0.13, 0, 
93, 4, eco17, 12, 1, 5.3, 8.6, 21.54, 131.23, 109.69, 0.11, 0, 
93, 5, eco17, 12, 1, 5.2, 11.7, 88.55, 144.03, 55.49, 0.11, 0, 
93, 6, eco17, 12, 1, 5.4, 14.7, 240.54, 142.99, -97.55, 0.12, 0, 
94, 7, eco17, 12, 1, 4.7, 16.7, 241.56, 108.18, -133.37, 0.11, 0, 
94, 8, eco17, 12, 1, 5.8, 16.5, 314.17, 158.6, -155.57, 0.12, 0, 
94, 9, eco17, 12, 1, 6.8, 14.2, 376.63, 222.03, -154.6, 0.14, 0, 
94, 10, eco17, 12, 1, 9.3, 11.3, 217.1, 173.36, -43.75, 0.18, 0, 
94, 11, eco17, 12, 1, 9.6, 7.4, 0, 92.99, 92.99, 0.18, 0, 
94, 12, eco17, 12, 1, 9.7, 5.2, 0, 75.51, 75.51, 0.19, 0, 
94, 1, eco17, 12, 1, 9.1, 4.7, 0, 69.61, 69.61, 0.18, 0, 
94, 2, eco17, 12, 1, 6.5, 4.8, 0, 67.29, 67.29, 0.13, 0, 
94, 3, eco17, 12, 1, 6.2, 6.5, 0, 105.46, 105.46, 0.13, 0, 
94, 4, eco17, 12, 1, 5.3, 8.6, 21.45, 131.33, 109.89, 0.11, 0, 
94, 5, eco17, 12, 1, 5.2, 11.7, 88.65, 144.15, 55.5, 0.11, 0, 
94, 6, eco17, 12, 1, 5.4, 14.7, 240.88, 143.11, -97.77, 0.12, 0, 
95, 7, eco17, 12, 1, 4.7, 16.7, 241.54, 108.28, -133.27, 0.11, 0, 
95, 8, eco17, 12, 1, 5.8, 16.5, 314.24, 158.73, -155.51, 0.12, 0, 
95, 9, eco17, 12, 1, 6.8, 14.2, 376.86, 222.18, -154.68, 0.14, 0, 
95, 10, eco17, 12, 1, 9.3, 11.3, 217.06, 173.47, -43.58, 0.18, 0, 
95, 11, eco17, 12, 1, 9.6, 7.4, 0, 93.05, 93.05, 0.18, 0, 
95, 12, eco17, 12, 1, 9.7, 5.2, 0, 75.56, 75.56, 0.19, 0, 
95, 1, eco17, 12, 1, 9.1, 4.7, 0, 69.66, 69.66, 0.18, 0, 
95, 2, eco17, 12, 1, 6.5, 4.8, 0, 67.34, 67.34, 0.13, 0, 
95, 3, eco17, 12, 1, 6.2, 6.5, 0, 105.54, 105.54, 0.13, 0, 
95, 4, eco17, 12, 1, 5.3, 8.6, 21.38, 131.44, 110.06, 0.11, 0, 
95, 5, eco17, 12, 1, 5.2, 11.7, 88.77, 144.27, 55.49, 0.11, 0, 
95, 6, eco17, 12, 1, 5.4, 14.7, 241.27, 143.23, -98.04, 0.12, 0, 
96, 7, eco17, 12, 1, 4.7, 16.7, 241.59, 108.37, -133.23, 0.11, 0, 
96, 8, eco17, 12, 1, 5.8, 16.5, 314.25, 158.86, -155.39, 0.12, 0, 
96, 9, eco17, 12, 1, 6.8, 14.2, 377.23, 222.32, -154.9, 0.14, 0, 
96, 10, eco17, 12, 1, 9.3, 11.3, 217.13, 173.6, -43.53, 0.18, 0, 
96, 11, eco17, 12, 1, 9.6, 7.4, 0, 93.12, 93.12, 0.18, 0, 
96, 12, eco17, 12, 1, 9.7, 5.2, 0, 75.62, 75.62, 0.19, 0, 
96, 1, eco17, 12, 1, 9.1, 4.7, 0, 69.71, 69.71, 0.18, 0, 
96, 2, eco17, 12, 1, 6.5, 4.8, 0, 67.4, 67.4, 0.13, 0, 
96, 3, eco17, 12, 1, 6.2, 6.5, 0, 105.63, 105.63, 0.13, 0, 
96, 4, eco17, 12, 1, 5.3, 8.6, 21.33, 131.54, 110.22, 0.11, 0, 
96, 5, eco17, 12, 1, 5.2, 11.7, 88.92, 144.39, 55.46, 0.11, 0, 
96, 6, eco17, 12, 1, 5.4, 14.7, 241.71, 143.35, -98.36, 0.12, 0, 
97, 7, eco17, 12, 1, 4.7, 16.7, 241.61, 108.46, -133.15, 0.11, 0, 
97, 8, eco17, 12, 1, 5.8, 16.5, 314.24, 159, -155.24, 0.12, 0, 
97, 9, eco17, 12, 1, 6.8, 14.2, 377.58, 222.48, -155.1, 0.14, 0, 
97, 10, eco17, 12, 1, 9.3, 11.3, 217.12, 173.73, -43.39, 0.18, 0, 
97, 11, eco17, 12, 1, 9.6, 7.4, 0, 93.18, 93.18, 0.18, 0, 
97, 12, eco17, 12, 1, 9.7, 5.2, 0, 75.67, 75.67, 0.19, 0, 
97, 1, eco17, 12, 1, 9.1, 4.7, 0, 69.77, 69.77, 0.18, 0, 
97, 2, eco17, 12, 1, 6.5, 4.8, 0, 67.45, 67.45, 0.13, 0, 
97, 3, eco17, 12, 1, 6.2, 6.5, 0, 105.71, 105.71, 0.13, 0, 
97, 4, eco17, 12, 1, 5.3, 8.6, 21.27, 131.65, 110.39, 0.11, 0, 
97, 5, eco17, 12, 1, 5.2, 11.7, 89.06, 144.51, 55.45, 0.11, 0, 
97, 6, eco17, 12, 1, 5.4, 14.7, 242.15, 143.47, -98.68, 0.12, 0, 
98, 7, eco17, 12, 1, 4.7, 16.7, 241.71, 108.56, -133.16, 0.11, 0, 
98, 8, eco17, 12, 1, 5.8, 16.5, 314.36, 159.14, -155.22, 0.12, 0, 
98, 9, eco17, 12, 1, 6.8, 14.2, 377.91, 222.65, -155.26, 0.14, 0, 
98, 10, eco17, 12, 1, 9.3, 11.3, 217.13, 173.87, -43.26, 0.18, 0, 
98, 11, eco17, 12, 1, 9.6, 7.4, 0, 93.25, 93.25, 0.18, 0, 
98, 12, eco17, 12, 1, 9.7, 5.2, 0, 75.73, 75.73, 0.19, 0, 
98, 1, eco17, 12, 1, 9.1, 4.7, 0, 69.83, 69.83, 0.18, 0, 
98, 2, eco17, 12, 1, 6.5, 4.8, 0, 67.51, 67.51, 0.13, 0, 
98, 3, eco17, 12, 1, 6.2, 6.5, 0, 105.8, 105.8, 0.13, 0, 
98, 4, eco17, 12, 1, 5.3, 8.6, 21.22, 131.77, 110.55, 0.11, 0, 
98, 5, eco17, 12, 1, 5.2, 11.7, 89.21, 144.63, 55.43, 0.11, 0, 
98, 6, eco17, 12, 1, 5.4, 14.7, 242.59, 143.6, -98.99, 0.12, 0, 
99, 7, eco17, 12, 1, 4.7, 16.7, 241.91, 108.65, -133.26, 0.11, 0, 
99, 8, eco17, 12, 1, 5.8, 16.5, 314.45, 159.29, -155.16, 0.12, 0, 
99, 9, eco17, 12, 1, 6.8, 14.2, 378.29, 222.83, -155.47, 0.14, 0, 
99, 10, eco17, 12, 1, 9.3, 11.3, 217.13, 174.01, -43.11, 0.18, 0, 
99, 11, eco17, 12, 1, 9.6, 7.4, 0, 93.32, 93.32, 0.18, 0, 
99, 12, eco17, 12, 1, 9.7, 5.2, 0, 75.79, 75.79, 0.19, 0, 
99, 1, eco17, 12, 1, 9.1, 4.7, 0, 69.88, 69.88, 0.18, 0, 
99, 2, eco17, 12, 1, 6.5, 4.8, 0, 67.57, 67.57, 0.13, 0, 
99, 3, eco17, 12, 1, 6.2, 6.5, 0, 105.89, 105.89, 0.13, 0, 
99, 4, eco17, 12, 1, 5.3, 8.6, 21.15, 131.88, 110.72, 0.11, 0, 
99, 5, eco17, 12, 1, 5.2, 11.7, 89.38, 144.76, 55.38, 0.11, 0, 
99, 6, eco17, 12, 1, 5.4, 14.7, 243.2, 143.73, -99.47, 0.12, 0, 
100, 7, eco17, 12, 1, 4.7, 16.7, 242.12, 108.75, -133.37, 0.11, 0, 
100, 8, eco17, 12, 1, 5.8, 16.5, 314.54, 159.43, -155.11, 0.12, 0, 
100, 9, eco17, 12, 1, 6.8, 14.2, 378.78, 223.02, -155.77, 0.14, 0, 
100, 10, eco17, 12, 1, 9.3, 11.3, 217.48, 174.17, -43.31, 0.18, 0, 
100, 11, eco17, 12, 1, 9.6, 7.4, 0, 93.41, 93.41, 0.18, 0, 
100, 12, eco17, 12, 1, 9.7, 5.2, 0, 75.87, 75.87, 0.19, 0, 
100, 1, eco17, 12, 1, 9.1, 4.7, 0, 69.95, 69.95, 0.18, 0, 
100, 2, eco17, 12, 1, 6.5, 4.8, 0, 67.63, 67.63, 0.13, 0, 
100, 3, eco17, 12, 1, 6.2, 6.5, 0, 105.99, 105.99, 0.13, 0, 
100, 4, eco17, 12, 1, 5.3, 8.6, 21.09, 132, 110.91, 0.11, 0, 
100, 5, eco17, 12, 1, 5.2, 11.7, 89.56, 144.9, 55.34, 0.11, 0, 
100, 6, eco17, 12, 1, 5.4, 14.7, 243.86, 143.86, -100, 0.12, 0, 
