Time,EcoregionName,EcoregionIndex,NumSites,NEEC,SOMTC,AGB,AG_NPPC,BG_NPPC,Litterfall,AgeMortality,MineralN,TotalN,GrossMineralization,C_Leaf,C_FRoot,C_Wood,C_CRoot,C_DeadWood,C_DeadCRoot,C_DeadLeaf_Struc,C_DeadLeaf_Meta,C_DeadFRoot_Struc,C_DeadFRoot_Meta,C_SOM1surf,C_SOM1soil,C_SOM2,C_SOM3,N_Leaf,N_FRoot,N_Wood,N_CRoot,N_DeadWood,N_DeadCRoot,N_DeadLeaf_Struc,N_DeadLeaf_Meta,N_DeadFRoot_Struc,N_DeadFRoot_Meta,N_SOM1surf,N_SOM1soil,N_SOM2,N_SOM3,SurfStrucNetMin,SurfMetaNetMin,SoilStrucNetMin,SoilMetaNetMin,SOM1surfNetMin,SOM1soilNetMin,SOM2NetMin,SOM3NetMin,TotalNdep,StreamC,StreamN,FireCEfflux,FireNEfflux,Nuptake,Nresorbed,TotalSoilN,Nvol,FrassC,
0, eco17,12,1,0,9610.3,29282,975.4,278,349,433,11.06,781.7,36.3,5.5,1.9,13765.7,3441.4,3513.1,1404.9,49.6,9,25.9,2.8,232.1,533,4752.1,4093.1,0.3,0,42.6,40.2,10.8,16.5,0.3,0.5,0.1,0.2,6.7,58.1,188.2,406.1,0.2,-0.7,0.1,-0.2,6.4,11.2,-8.2,0,1269.16,0,0,0,0,21.1,6.7,671.3,0.09,0, 
1, eco17,12,1,-535.6,9651.1,30766,1114.5,317.6,312.9,102.8,11.35,788.7,37.9,82.7,28.9,14387.3,3596.8,3206.4,1326.4,49.9,7.4,26.2,2.5,233.1,537.6,4780.2,4100.1,3.7,0.6,44.5,42,9.9,15.6,0.3,0.4,0.1,0.2,7.2,58.4,187.2,407.3,0.2,-0.5,0.1,0,7.3,12.4,-8.5,0,5.08,0,0,0,0,16.6,6,672.4,0.08,0, 
2, eco17,12,1,-143.2,9682.7,31554,808.2,230.3,333.2,106.8,11.87,789.6,37.6,32.3,11.3,14805.8,3701.4,2938.7,1254.7,48.9,6.1,25,1.9,225.9,541.3,4808.3,4107.2,1.5,0.2,45.8,43.3,9.1,14.7,0.3,0.3,0.1,0.1,7.3,58.8,187.8,408.5,0.2,-0.7,0.1,0,8,11.1,-8.7,0,5.08,0,0,0,0,15.6,6.5,675.1,0.08,0, 
3, eco17,12,1,186.6,9617.6,31917,456.5,130.1,177.2,108.8,16.21,792.1,32.2,14.9,5.2,14993.7,3748.4,2703.6,1188.7,30.4,3.3,15.3,1.1,190.6,532,4780.8,4114.2,0.7,0.1,46.4,43.8,8.3,13.9,0.2,0.2,0.1,0.1,5.3,58.4,188.7,409.7,0.2,-0.4,0.1,-0.3,6.4,10.2,-8.6,0,5.08,0,0,0,0,9.2,3.4,678.8,0.14,0, 
4, eco17,12,1,312.9,9502.6,32069,286.6,81.7,104.6,109.6,22.52,795.6,28.8,10.7,3.7,15070.5,3767.6,2496.1,1127.8,18.4,2.1,9.3,0.7,158.9,517.6,4705,4121.1,0.5,0.1,46.6,44,7.7,13.2,0.1,0.1,0,0,3.5,57.4,188.7,410.9,0.1,-0.2,0.1,-0.2,4.4,10.3,-8.2,0,5.08,0,0,0,0,5.7,2,683.4,0.22,0, 
5, eco17,12,1,346.3,9369.4,32132,215.5,61.4,77,109.9,29.38,799.4,26.8,9.1,3.2,15100.7,3775.2,2312.7,1071.4,12.9,1.6,6.5,0.5,137.1,502.3,4602.2,4127.8,0.4,0.1,46.7,44.1,7.1,12.6,0.1,0.1,0,0,2.5,56.3,187.9,412.1,0.1,-0.2,0,-0.1,3.1,10.3,-7.7,0,5.08,0,0,0,0,4.2,1.5,688.4,0.3,0, 
6, eco17,12,1,345,9230,32151,185.8,52.9,65.6,110.1,36.48,803.4,25.6,8.6,3,15111.4,3777.8,2150.6,1019.1,10.5,1.3,5.4,0.4,122.4,487.2,4486.1,4134.2,0.4,0.1,46.8,44.1,6.6,12,0.1,0.1,0,0,2,55,186.6,413.2,0,-0.2,0,-0.1,2.3,10.2,-7.2,0,5.08,0,0,0,0,3.6,1.3,693.4,0.39,0, 
7, eco17,12,1,328.2,9089.7,32159,176.2,50.2,61.8,110.1,43.7,807.3,24.9,8.4,2.9,15115.8,3778.9,2007.1,970.7,9.6,1.3,4.9,0.4,112.4,472.6,4364.3,4140.5,0.4,0.1,46.8,44.2,6.2,11.4,0.1,0.1,0,0,1.8,53.6,184.8,414.3,0,-0.1,0,-0.1,2,10.1,-6.6,0,5.08,0,0,0,0,3.4,1.2,698.3,0.47,0, 
8, eco17,12,1,309.4,8950.6,32165,172.3,49.1,60.4,110.2,51.05,811.2,24.3,8.3,2.9,15117.6,3779.4,1880.1,925.9,9.3,1.2,4.8,0.4,104.8,458.5,4240.8,4146.5,0.4,0.1,46.8,44.2,5.8,10.9,0,0.1,0,0,1.6,52.2,182.7,415.4,0,-0.1,0,-0.1,1.8,9.9,-6.1,0,5.08,0,0,0,0,3.3,1.2,703.1,0.56,0, 
9, eco17,12,1,291.3,8813.2,32165,170,48.4,59.5,110.2,58.52,815,23.8,8.3,2.9,15117.8,3779.5,1767.7,884.4,9.1,1.2,4.7,0.4,98.7,444.8,4117.4,4152.3,0.4,0.1,46.8,44.2,5.5,10.4,0,0.1,0,0,1.6,50.8,180.3,416.4,0,-0.1,0,-0.1,1.7,9.7,-5.6,0,5.08,0,0,0,0,3.3,1.2,707.7,0.65,0, 
10, eco17,12,1,272.4,8678.5,32165,170,48.5,59.5,110.3,66.04,818.7,23.4,8.3,2.9,15118.1,3779.5,1668.3,845.9,9.1,1.2,4.7,0.4,93.5,431.5,3995.5,4157.9,0.4,0.1,46.8,44.2,5.2,9.9,0,0.1,0,0,1.5,49.4,177.7,417.4,0,-0.1,0,-0.1,1.7,9.5,-5.2,0,5.08,0,0,0,0,3.3,1.2,712.2,0.74,0, 
11, eco17,12,1,255.7,8546.7,32167,169.5,48.3,59.4,110.3,73.62,822.3,22.9,8.2,2.9,15117.9,3779.5,1580.3,810.3,9,1.2,4.7,0.4,89.1,418.6,3875.7,4163.4,0.4,0.1,46.8,44.2,4.9,9.5,0,0.1,0,0,1.5,48,174.9,418.3,0,-0.1,0,-0.1,1.6,9.3,-4.8,0,5.08,0,0,0,0,3.3,1.2,716.5,0.83,0, 
12, eco17,12,1,239.7,8418.3,32164,169.3,48.2,59.2,110.4,81.22,825.8,22.5,8.3,2.9,15117.6,3779.4,1502.4,777.3,9,1.2,4.7,0.4,85.2,406,3758.5,4168.6,0.4,0.1,46.8,44.2,4.7,9.1,0,0.1,0,0,1.5,46.6,171.9,419.3,0,-0.1,0,-0.1,1.6,9,-4.4,0,5.08,0,0,0,0,3.2,1.1,720.7,0.92,0, 
13, eco17,12,1,224.5,8293.5,32165,169.6,48.3,59.4,110.4,88.8,829.2,22,8.3,2.9,15117.4,3779.3,1433.6,746.7,9,1.2,4.7,0.4,81.9,393.7,3644.3,4173.7,0.4,0.1,46.8,44.2,4.4,8.8,0,0.1,0,0,1.5,45.2,168.8,420.2,0,-0.1,0,-0.1,1.6,8.8,-4,0,5.08,0,0,0,0,3.3,1.2,724.7,1.01,0, 
14, eco17,12,1,210.7,8172.5,32164,169.4,48.3,59.3,110.5,96.34,832.6,21.5,8.2,2.9,15117.1,3779.3,1372.6,718.4,9,1.2,4.7,0.4,78.9,381.8,3533.3,4178.5,0.4,0.1,46.8,44.2,4.3,8.4,0,0.1,0,0,1.5,43.9,165.6,421,0,-0.1,0,-0.1,1.6,8.5,-3.7,0,5.08,0,0,0,0,3.2,1.1,728.5,1.11,0, 
15, eco17,12,1,197.7,8055.5,32163,169.3,48.3,59.3,110.5,103.83,835.8,21.1,8.2,2.9,15116.6,3779.2,1318.7,692.1,9,1.2,4.7,0.4,76.2,370.3,3425.7,4183.2,0.4,0.1,46.8,44.2,4.1,8.1,0,0.1,0,0,1.5,42.6,162.3,421.9,0,-0.1,0,-0.1,1.6,8.3,-3.4,0,5.08,0,0,0,0,3.2,1.1,732.2,1.2,0, 
16, eco17,12,1,184.8,7942.6,32159,170.1,48.5,59.5,110.5,111.22,839,20.6,8.3,2.9,15116.6,3779.2,1271,667.8,9.1,1.2,4.7,0.4,73.9,359.2,3321.8,4187.8,0.4,0.1,46.8,44.2,3.9,7.8,0,0.1,0,0,1.5,41.3,158.9,422.7,0,-0.1,0,-0.1,1.6,8.1,-3.1,0,5.08,0,0,0,0,3.3,1.2,735.8,1.28,0, 
17, eco17,12,1,173.3,7833.9,32161,170.2,48.5,59.6,110.6,118.51,842,20.2,8.3,2.9,15116.6,3779.2,1228.9,645.3,9.1,1.2,4.7,0.4,71.8,348.5,3221.5,4192.1,0.4,0.1,46.8,44.2,3.8,7.6,0,0.1,0,0,1.5,40.1,155.5,423.5,0,-0.1,0,-0.1,1.6,7.8,-2.9,0,5.08,0,0,0,0,3.3,1.2,739.3,1.37,0, 
18, eco17,12,1,162.8,7729.3,32161,170.1,48.5,59.5,110.7,125.69,845,19.7,8.3,2.9,15116.5,3779.1,1191.6,624.5,9.1,1.2,4.7,0.4,70,338.2,3124.8,4196.3,0.4,0.1,46.8,44.2,3.7,7.3,0,0.1,0,0,1.5,38.9,152.1,424.2,0,-0.1,0,-0.1,1.6,7.6,-2.6,0,5.08,0,0,0,0,3.3,1.2,742.6,1.46,0, 
19, eco17,12,1,153.3,7628.8,32160,169.6,48.3,59.4,110.7,132.75,847.9,19.3,8.3,2.9,15116.1,3779,1158.7,605.2,9,1.2,4.7,0.4,68.4,328.2,3031.8,4200.4,0.4,0.1,46.8,44.2,3.6,7.1,0,0.1,0,0,1.4,37.8,148.7,425,0,-0.1,0,-0.1,1.6,7.4,-2.4,0,5.08,0,0,0,0,3.3,1.2,745.8,1.55,0, 
20, eco17,12,1,143.6,7532.5,32164,170,48.5,59.5,110.8,139.67,850.7,18.8,8.3,2.9,15115.8,3779,1129.6,587.3,9.1,1.2,4.7,0.4,66.9,318.7,2942.5,4204.3,0.4,0.1,46.8,44.2,3.5,6.9,0,0.1,0,0,1.4,36.7,145.3,425.7,0,-0.1,0,-0.1,1.5,7.2,-2.3,0,5.08,0,0,0,0,3.3,1.2,749,1.63,0, 
21, eco17,12,1,134.2,7440.3,32161,170.7,48.7,59.8,110.8,146.42,853.4,18.4,8.3,2.9,15116,3779,1103.9,570.8,9.1,1.2,4.7,0.4,65.7,309.6,2856.9,4208.1,0.4,0.1,46.8,44.2,3.4,6.7,0,0.1,0,0,1.4,35.6,141.9,426.4,0,-0.1,0,-0.1,1.5,6.9,-2.1,0,5.08,0,0,0,0,3.3,1.2,752,1.71,0, 
22, eco17,12,1,126.6,7352.1,32160,170.3,48.5,59.6,110.9,153.03,856.1,18,8.3,2.9,15115.8,3778.9,1081.2,555.5,9.1,1.2,4.7,0.4,64.6,300.8,2774.9,4211.7,0.4,0.1,46.8,44.2,3.4,6.5,0,0.1,0,0,1.4,34.6,138.6,427,0,-0.1,0,-0.1,1.5,6.7,-2,0,5.08,0,0,0,0,3.3,1.2,754.8,1.79,0, 
23, eco17,12,1,119.2,7267.7,32158,170.1,48.5,59.5,111,159.47,858.6,17.6,8.3,2.9,15115.4,3778.8,1061.1,541.3,9.1,1.2,4.7,0.4,63.6,292.5,2696.4,4215.3,0.4,0.1,46.8,44.2,3.3,6.3,0,0.1,0,0,1.4,33.7,135.2,427.7,0,-0.1,0,-0.1,1.5,6.5,-1.8,0,5.08,0,0,0,0,3.3,1.2,757.6,1.87,0, 
24, eco17,12,1,111.3,7187.2,32160,170.6,48.6,59.7,111,165.73,861.1,17.2,8.3,2.9,15115.2,3778.8,1043.4,528.2,9.1,1.2,4.7,0.4,62.7,284.5,2621.4,4218.6,0.4,0.1,46.8,44.2,3.2,6.2,0,0.1,0,0,1.4,32.7,132,428.3,0,-0.1,0,-0.1,1.5,6.4,-1.7,0,5.08,0,0,0,0,3.3,1.2,760.3,1.95,0, 
25, eco17,12,1,104.7,7110.5,32160,170.6,48.6,59.7,111.1,171.82,863.5,16.8,8.3,2.9,15115,3778.8,1027.8,516,9.1,1.2,4.7,0.4,62,276.8,2549.7,4221.9,0.4,0.1,46.8,44.1,3.2,6.1,0,0.1,0,0,1.4,31.8,128.8,428.9,0,-0.1,0,-0.1,1.5,6.2,-1.6,0,5.08,0,0,0,0,3.3,1.2,762.9,2.02,0, 
26, eco17,12,1,98.5,7037.3,32157,170.6,48.6,59.7,111.2,177.74,865.8,16.5,8.3,2.9,15114.8,3778.7,1014.1,504.8,9.1,1.2,4.7,0.4,61.3,269.6,2481.4,4225.1,0.4,0.1,46.8,44.1,3.1,5.9,0,0.1,0,0,1.4,31,125.6,429.5,0,-0.1,0,-0.1,1.5,6,-1.6,0,5.08,0,0,0,0,3.3,1.2,765.4,2.09,0, 
27, eco17,12,1,92.2,6967.7,32158,170.9,48.7,59.8,111.2,183.48,868.1,16.1,8.2,2.9,15114.6,3778.7,1002,494.4,9.1,1.2,4.7,0.4,60.7,262.6,2416.2,4228.2,0.4,0.1,46.8,44.1,3.1,5.8,0,0.1,0,0,1.4,30.2,122.6,430,0,-0.1,0,-0.1,1.5,5.8,-1.5,0,5.08,0,0,0,0,3.3,1.2,767.8,2.16,0, 
28, eco17,12,1,86.9,6901.5,32156,170.8,48.7,59.8,111.3,189.04,870.3,15.8,8.2,2.9,15114.3,3778.6,991.4,484.8,9.1,1.2,4.7,0.4,60.2,256,2354.1,4231.1,0.4,0.1,46.8,44.1,3.1,5.7,0,0.1,0,0,1.4,29.4,119.6,430.6,0,-0.1,0,-0.1,1.5,5.7,-1.4,0,5.08,0,0,0,0,3.3,1.2,770.2,2.23,0, 
29, eco17,12,1,81.3,6838.6,32157,171.2,48.8,59.9,111.4,194.42,872.4,15.5,8.2,2.9,15114.2,3778.5,982.1,475.9,9.1,1.2,4.7,0.4,59.8,249.8,2295,4234,0.4,0.1,46.8,44.1,3,5.6,0,0.1,0,0,1.4,28.6,116.7,431.1,0,-0.1,0,-0.1,1.5,5.5,-1.4,0,5.08,0,0,0,0,3.3,1.2,772.4,2.3,0, 
30, eco17,12,1,77.1,6778.7,32155,170.6,48.6,59.7,111.5,199.64,874.5,15.1,8.2,2.9,15113.6,3778.4,973.9,467.7,9.1,1.2,4.7,0.4,59.3,243.8,2238.8,4236.7,0.4,0.1,46.7,44.1,3,5.5,0,0.1,0,0,1.4,27.9,113.8,431.6,0,-0.1,0,-0.1,1.5,5.4,-1.3,0,5.08,0,0,0,0,3.3,1.2,774.6,2.36,0, 
31, eco17,12,1,71.7,6721.9,32155,171.3,48.8,59.9,111.6,204.67,876.5,14.8,8.3,2.9,15113.4,3778.3,966.7,460.1,9.1,1.2,4.7,0.4,59,238.1,2185.4,4239.4,0.4,0.1,46.7,44.1,3,5.4,0,0.1,0,0,1.4,27.3,111.1,432.1,0,-0.1,0,-0.1,1.5,5.2,-1.3,0,5.08,0,0,0,0,3.3,1.2,776.7,2.42,0, 
32, eco17,12,1,67,6668.2,32155,171.8,49,60.1,111.7,209.52,878.4,14.5,8.3,2.9,15113.3,3778.3,960.5,453.1,9.2,1.2,4.7,0.4,58.8,232.7,2134.6,4242,0.4,0.1,46.7,44.1,3,5.3,0,0.1,0,0,1.4,26.6,108.4,432.6,0,-0.1,0,-0.1,1.5,5.1,-1.3,0,5.08,0,0,0,0,3.3,1.2,778.8,2.48,0, 
33, eco17,12,1,63,6617.2,32153,171.8,49,60.2,111.8,214.2,880.3,14.3,8.2,2.9,15113.2,3778.3,955.1,446.6,9.2,1.2,4.7,0.4,58.5,227.7,2086.5,4244.6,0.4,0.1,46.7,44.1,3,5.2,0,0.1,0,0,1.4,26,105.8,433.1,0,-0.2,0,-0.1,1.5,5,-1.3,0,5.08,0,0,0,0,3.3,1.2,780.7,2.54,0, 
34, eco17,12,1,59.6,6568.9,32155,171.5,48.9,60,111.9,218.71,882.1,14,8.2,2.9,15112.8,3778.2,950.3,440.6,9.2,1.2,4.7,0.4,58.3,222.8,2040.8,4247,0.4,0.1,46.7,44.1,3,5.2,0,0.1,0,0,1.4,25.4,103.3,433.6,0,-0.2,0,-0.1,1.5,4.9,-1.3,0,5.08,0,0,0,0,3.3,1.2,782.7,2.59,0, 
35, eco17,12,1,56.3,6523,32153,171.2,48.8,59.9,112,223.07,883.9,13.7,8.2,2.9,15112.2,3778,946.3,435.1,9.2,1.2,4.7,0.4,58,218.2,1997.4,4249.4,0.4,0.1,46.7,44.1,2.9,5.1,0,0.1,0,0,1.4,24.9,100.9,434,0,-0.2,0,-0.1,1.5,4.8,-1.2,0,5.08,0,0,0,0,3.3,1.2,784.5,2.64,0, 
36, eco17,12,1,52.1,6479.7,32153,172.1,49,60.2,112.1,227.25,885.6,13.5,8.2,2.9,15111.9,3778,942.7,430,9.2,1.2,4.7,0.4,57.9,213.9,1956.3,4251.7,0.4,0.1,46.7,44.1,2.9,5,0,0.1,0,0,1.4,24.4,98.6,434.5,0,-0.2,0,-0.1,1.5,4.6,-1.2,0,5.08,0,0,0,0,3.3,1.2,786.3,2.7,0, 
37, eco17,12,1,49.4,6438.7,32151,171.8,49,60.1,112.2,231.28,887.2,13.2,8.2,2.9,15111.4,3777.8,939.7,425.3,9.2,1.2,4.7,0.4,57.7,209.7,1917.3,4254,0.4,0.1,46.7,44.1,2.9,5,0,0.1,0,0,1.4,23.9,96.4,434.9,0,-0.2,0,-0.1,1.5,4.5,-1.2,0,5.08,0,0,0,0,3.3,1.2,788,2.75,0, 
38, eco17,12,1,45.9,6400.1,32151,172.4,49.1,60.3,112.3,235.15,888.9,13,8.2,2.9,15111.1,3777.8,937.2,421,9.2,1.2,4.7,0.4,57.6,205.8,1880.4,4256.1,0.4,0.1,46.7,44.1,2.9,4.9,0,0.1,0,0,1.4,23.4,94.2,435.3,0,-0.2,0,-0.1,1.5,4.4,-1.2,0,5.08,0,0,0,0,3.3,1.2,789.7,2.79,0, 
39, eco17,12,1,43,6363.5,32151,172.6,49.2,60.4,112.5,238.87,890.4,12.8,8.2,2.9,15110.8,3777.7,935.1,417.1,9.2,1.2,4.7,0.4,57.6,202.2,1845.5,4258.3,0.4,0.1,46.7,44.1,2.9,4.9,0,0.1,0,0,1.4,23,92.2,435.7,0,-0.2,0,-0.1,1.5,4.3,-1.3,0,5.08,0,0,0,0,3.3,1.2,791.3,2.84,0, 
40, eco17,12,1,40.7,6329,32145,172.3,49.1,60.3,112.6,242.45,891.9,12.6,8.3,2.9,15110.2,3777.5,933.3,413.4,9.2,1.2,4.7,0.4,57.5,198.7,1812.5,4260.4,0.4,0.1,46.7,44.1,2.9,4.8,0,0.1,0,0,1.4,22.5,90.2,436.1,0,-0.2,0,-0.1,1.5,4.3,-1.3,0,5.08,0,0,0,0,3.3,1.2,792.9,2.88,0, 
41, eco17,12,1,37.7,6296.5,32148,172.9,49.3,60.5,112.7,245.87,893.4,12.4,8.3,2.9,15109.8,3777.5,931.9,410.1,9.3,1.2,4.7,0.4,57.4,195.4,1781.3,4262.4,0.4,0.1,46.7,44.1,2.9,4.8,0,0.1,0,0,1.4,22.1,88.3,436.5,0,-0.2,0,-0.1,1.5,4.2,-1.3,0,5.08,0,0,0,0,3.3,1.2,794.5,2.92,0, 
42, eco17,12,1,35.7,6265.8,32147,172.7,49.2,60.5,112.9,249.17,894.9,12.2,8.2,2.9,15109.2,3777.3,930.7,407,9.3,1.2,4.7,0.4,57.4,192.3,1751.8,4264.4,0.4,0.1,46.7,44.1,2.9,4.8,0,0.1,0,0,1.4,21.8,86.5,436.9,0,-0.2,0,-0.1,1.5,4.1,-1.3,0,5.08,0,0,0,0,3.3,1.2,795.9,2.96,0, 
43, eco17,12,1,33,6237,32145,173.3,49.4,60.6,113,252.32,896.3,12,8.2,2.9,15108.8,3777.2,929.8,404.2,9.3,1.2,4.7,0.4,57.3,189.4,1724,4266.3,0.4,0.1,46.7,44.1,2.9,4.7,0,0.1,0,0,1.4,21.4,84.8,437.3,0,-0.2,0,-0.1,1.5,4,-1.3,0,5.08,0,0,0,0,3.3,1.2,797.4,3,0, 
44, eco17,12,1,30.9,6209.8,32144,173.4,49.4,60.7,113.2,255.34,897.6,11.9,8.2,2.9,15108.3,3777.1,929.2,401.7,9.3,1.2,4.7,0.4,57.3,186.6,1697.7,4268.2,0.4,0.1,46.7,44.1,2.9,4.7,0,0.1,0,0,1.4,21.1,83.1,437.7,0,-0.2,0,-0.1,1.5,3.9,-1.3,0,5.08,0,0,0,0,3.3,1.2,798.8,3.04,0, 
45, eco17,12,1,28.8,6184.3,32143,173.7,49.5,60.8,113.4,258.23,898.9,11.7,8.2,2.9,15107.9,3777,928.8,399.3,9.3,1.2,4.7,0.4,57.3,184,1672.9,4270,0.4,0.1,46.7,44.1,2.9,4.7,0,0.1,0,0,1.4,20.8,81.5,438,0,-0.2,0,-0.1,1.5,3.9,-1.3,0,5.08,0,0,0,0,3.3,1.2,800.1,3.07,0, 
46, eco17,12,1,27.1,6160.3,32142,173.8,49.5,60.9,113.5,261.01,900.2,11.5,8.2,2.9,15107.3,3776.8,928.6,397.2,9.3,1.2,4.8,0.4,57.3,181.5,1649.6,4271.9,0.4,0.1,46.7,44.1,2.9,4.7,0,0.1,0,0,1.4,20.5,80,438.4,0,-0.2,0,-0.1,1.5,3.8,-1.4,0,5.08,0,0,0,0,3.3,1.2,801.5,3.11,0, 
47, eco17,12,1,25.3,6137.7,32141,173.9,49.6,60.9,113.7,263.67,901.5,11.4,8.2,2.9,15106.6,3776.7,928.6,395.3,9.3,1.2,4.8,0.4,57.3,179.2,1627.5,4273.6,0.4,0.1,46.7,44.1,2.9,4.6,0,0.1,0,0,1.4,20.2,78.5,438.7,0,-0.2,0,-0.1,1.5,3.8,-1.4,0,5.08,0,0,0,0,3.3,1.2,802.7,3.14,0, 
48, eco17,12,1,23.3,6116.6,32137,174.4,49.7,61,113.9,266.21,902.7,11.3,8.2,2.9,15106.1,3776.5,928.8,393.6,9.4,1.3,4.8,0.4,57.4,177.1,1606.8,4275.4,0.4,0.1,46.6,44.1,2.9,4.6,0,0.1,0,0,1.4,19.9,77.2,439.1,0,-0.2,0,-0.1,1.5,3.7,-1.4,0,5.08,0,0,0,0,3.3,1.2,804,3.17,0, 
49, eco17,12,1,22.8,6096.6,32138,173.6,49.5,60.7,114.1,268.67,903.9,11.1,8.3,2.9,15104.8,3776.2,929.2,392,9.3,1.2,4.7,0.4,57.3,175,1587.2,4277.1,0.4,0.1,46.6,44.1,2.9,4.6,0,0.1,0,0,1.4,19.7,75.8,439.4,0,-0.2,0,-0.1,1.5,3.6,-1.4,0,5.08,0,0,0,0,3.3,1.2,805.2,3.2,0, 
50, eco17,12,1,20.2,6078,32135,174.8,49.8,61.2,114.3,270.99,905,11,8.3,2.9,15104.1,3776,929.6,390.6,9.4,1.3,4.8,0.4,57.4,173.1,1568.8,4278.8,0.4,0.1,46.6,44.1,2.9,4.6,0,0.1,0,0,1.4,19.4,74.6,439.8,0,-0.2,0,-0.1,1.5,3.6,-1.4,0,5.08,0,0,0,0,3.3,1.2,806.4,3.23,0, 
51, eco17,12,1,18.1,6060.8,32132,175.8,50.1,61.5,114.6,273.21,906.1,10.9,8.3,2.9,15103.8,3776,930.3,389.4,9.5,1.3,4.8,0.4,57.5,171.3,1551.6,4280.4,0.4,0.1,46.6,44.1,2.9,4.6,0,0.1,0,0,1.4,19.2,73.4,440.1,0,-0.2,0,-0.1,1.5,3.5,-1.5,0,5.08,0,0,0,0,3.4,1.2,807.5,3.26,0, 
52, eco17,12,1,17.4,6044.7,32135,175.5,50,61.4,114.8,275.34,907.2,10.8,8.3,2.9,15103.1,3775.8,931.1,388.3,9.5,1.3,4.8,0.4,57.6,169.6,1535.5,4282.1,0.4,0.1,46.6,44.1,2.9,4.5,0,0.1,0,0,1.4,19,72.3,440.4,0,-0.2,0,-0.1,1.5,3.5,-1.5,0,5.08,0,0,0,0,3.3,1.2,808.7,3.28,0, 
53, eco17,12,1,16.8,6029.5,32131,175.1,49.9,61.3,115,277.39,908.3,10.7,8.3,2.9,15101.9,3775.5,932,387.3,9.4,1.3,4.8,0.4,57.6,168,1520.3,4283.7,0.4,0.1,46.6,44.1,2.9,4.5,0,0.1,0,0,1.4,18.8,71.2,440.8,0,-0.2,0,-0.1,1.5,3.5,-1.5,0,5.08,0,0,0,0,3.3,1.2,809.8,3.31,0, 
54, eco17,12,1,14.7,6015.5,32130,176.1,50.2,61.6,115.3,279.34,909.4,10.6,8.4,2.9,15101.1,3775.3,933,386.5,9.5,1.3,4.8,0.4,57.6,166.5,1506.1,4285.3,0.4,0.1,46.6,44.1,2.9,4.5,0.1,0.1,0,0,1.4,18.6,70.2,441.1,0,-0.2,0,-0.1,1.5,3.4,-1.5,0,5.08,0,0,0,0,3.3,1.2,810.8,3.33,0, 
55, eco17,12,1,13.8,6002.4,32129,176.3,50.2,61.7,115.5,281.2,910.4,10.5,8.3,2.9,15100.1,3775,934.1,385.7,9.5,1.3,4.8,0.4,57.7,165.1,1492.8,4286.8,0.4,0.1,46.5,44.1,2.9,4.5,0.1,0.1,0,0,1.4,18.4,69.2,441.4,0,-0.2,0,-0.1,1.5,3.4,-1.6,0,5.08,0,0,0,0,3.3,1.2,811.9,3.36,0, 
56, eco17,12,1,12.4,5990.4,32124,176.9,50.4,61.9,115.8,282.98,911.4,10.4,8.3,2.9,15099.2,3774.8,935.4,385.1,9.6,1.3,4.8,0.4,57.8,163.9,1480.4,4288.4,0.4,0.1,46.5,44.1,2.9,4.5,0.1,0.1,0,0,1.5,18.3,68.3,441.7,0,-0.2,0,-0.1,1.5,3.3,-1.6,0,5.08,0,0,0,0,3.4,1.2,812.9,3.38,0, 
57, eco17,12,1,11.6,5979.2,32122,176.9,50.4,61.9,116.1,284.68,912.3,10.3,8.4,2.9,15098.1,3774.5,936.8,384.7,9.6,1.3,4.8,0.4,57.9,162.6,1468.8,4289.9,0.4,0.1,46.5,44.1,2.9,4.5,0.1,0.1,0,0,1.5,18.1,67.4,442,0,-0.2,0,-0.1,1.6,3.3,-1.6,0,5.08,0,0,0,0,3.3,1.2,813.9,3.4,0, 
58, eco17,12,1,9.8,5969,32123,178.1,50.8,62.3,116.4,286.28,913.3,10.2,8.4,2.9,15097.5,3774.4,938.3,384.3,9.6,1.3,4.8,0.4,58,161.5,1458,4291.4,0.4,0.1,46.5,44.1,2.9,4.5,0.1,0.1,0,0,1.5,18,66.6,442.3,0,-0.2,0,-0.1,1.6,3.3,-1.6,0,5.08,0,0,0,0,3.4,1.2,814.8,3.42,0, 
59, eco17,12,1,8.5,5959.6,32121,178.8,51,62.5,116.7,287.81,914.2,10.2,8.4,2.9,15097,3774.2,939.9,384,9.7,1.3,4.8,0.4,58.2,160.5,1448.1,4292.9,0.4,0.1,46.5,44.1,2.9,4.5,0.1,0.1,0,0,1.5,17.9,65.8,442.6,0,-0.2,0,-0.1,1.6,3.2,-1.6,0,5.08,0,0,0,0,3.4,1.2,815.8,3.44,0, 
60, eco17,12,1,7.9,5951.1,32120,179,51,62.7,117.1,289.28,915.1,10.1,8.4,2.9,15096.3,3774.1,941.6,383.8,9.7,1.3,4.9,0.4,58.3,159.6,1438.8,4294.3,0.4,0.1,46.5,44.1,2.9,4.5,0.1,0.1,0,0,1.5,17.7,65.1,442.9,0,-0.2,0,-0.1,1.6,3.2,-1.7,0,5.08,0,0,0,0,3.4,1.2,816.7,3.46,0, 
61, eco17,12,1,7,5943.2,32115,179.4,51.1,62.7,117.4,290.67,916,10,8.4,2.9,15095.5,3773.9,943.5,383.7,9.7,1.3,4.9,0.4,58.4,158.7,1430.3,4295.8,0.4,0.1,46.4,44.1,3,4.5,0.1,0.1,0,0,1.5,17.6,64.4,443.2,0,-0.2,0,-0.1,1.6,3.2,-1.7,0,5.08,0,0,0,0,3.4,1.2,817.6,3.47,0, 
62, eco17,12,1,5.9,5936.1,32116,180.1,51.3,63.1,117.8,291.99,916.9,10,8.4,2.9,15094.8,3773.7,945.5,383.7,9.7,1.3,4.9,0.4,58.6,157.9,1422.4,4297.2,0.4,0.1,46.4,44.1,3,4.5,0.1,0.1,0,0,1.5,17.5,63.8,443.5,0,-0.2,0,-0.1,1.6,3.2,-1.7,0,5.08,0,0,0,0,3.4,1.2,818.5,3.49,0, 
63, eco17,12,1,5.4,5929.7,32115,180.3,51.4,63.1,118.1,293.25,917.7,9.9,8.4,2.9,15093.9,3773.5,947.6,383.8,9.8,1.3,4.9,0.4,58.7,157.2,1415.1,4298.7,0.4,0.1,46.4,44.1,3,4.5,0.1,0.1,0,0,1.5,17.4,63.2,443.8,0,-0.2,0,-0.1,1.6,3.1,-1.7,0,5.08,0,0,0,0,3.4,1.2,819.3,3.5,0, 
64, eco17,12,1,4.1,5923.9,32114,181.3,51.7,63.5,118.5,294.44,918.5,9.9,8.4,2.9,15093.2,3773.3,949.8,384,9.8,1.3,4.9,0.4,58.9,156.5,1408.5,4300.1,0.4,0.1,46.4,44.1,3,4.5,0.1,0.1,0,0,1.5,17.4,62.6,444.1,0,-0.2,0,-0.1,1.6,3.1,-1.8,0,5.08,0,0,0,0,3.4,1.2,820.2,3.52,0, 
65, eco17,12,1,3.7,5918.8,32113,181.6,51.7,63.5,119,295.58,919.3,9.8,8.4,2.9,15092.2,3773.1,952.1,384.2,9.8,1.3,4.9,0.4,59,155.9,1402.4,4301.5,0.4,0.1,46.4,44.1,3,4.5,0.1,0.1,0,0,1.5,17.3,62.1,444.4,0,-0.2,0,-0.1,1.6,3.1,-1.8,0,5.08,0,0,0,0,3.4,1.2,821,3.53,0, 
66, eco17,12,1,2.6,5914.3,32108,182.4,52,63.8,119.4,296.66,920.1,9.8,8.4,2.9,15091.4,3772.8,954.6,384.6,9.9,1.3,4.9,0.4,59.2,155.3,1396.9,4302.9,0.4,0.1,46.3,44.1,3,4.5,0.1,0.1,0,0,1.5,17.2,61.6,444.7,0,-0.2,0,-0.1,1.6,3.1,-1.8,0,5.08,0,0,0,0,3.5,1.2,821.8,3.55,0, 
67, eco17,12,1,1.9,5910.4,32108,183,52.2,64,119.8,297.68,920.9,9.8,8.5,3,15090.5,3772.6,957.1,385,9.9,1.3,4.9,0.4,59.3,154.9,1391.9,4304.3,0.4,0.1,46.3,44.1,3,4.5,0.1,0.1,0,0,1.5,17.1,61.1,445,0,-0.2,0,-0.1,1.6,3.1,-1.8,0,5.08,0,0,0,0,3.5,1.2,822.6,3.56,0, 
68, eco17,12,1,1.2,5907.1,32106,183.7,52.3,64.3,120.3,298.65,921.7,9.7,8.5,3,15089.6,3772.4,959.8,385.5,9.9,1.3,5,0.4,59.5,154.4,1387.4,4305.7,0.4,0.1,46.3,44,3,4.5,0.1,0.1,0,0,1.5,17.1,60.7,445.3,0,-0.2,0,-0.1,1.6,3.1,-1.8,0,5.08,0,0,0,0,3.5,1.3,823.3,3.57,0, 
69, eco17,12,1,0.6,5904.3,32104,184.2,52.5,64.4,120.8,299.57,922.4,9.7,8.5,3,15088.5,3772.1,962.7,386.1,10,1.3,5,0.4,59.7,154,1383.4,4307.1,0.4,0.1,46.3,44,3,4.5,0.1,0.1,0,0,1.5,17,60.3,445.5,0,-0.2,0,-0.1,1.6,3,-1.8,0,5.08,0,0,0,0,3.5,1.3,824.1,3.58,0, 
70, eco17,12,1,-0.5,5902.1,32102,185.4,52.8,64.9,121.3,300.44,923.1,9.7,8.5,3,15087.7,3771.9,965.7,386.7,10,1.3,5,0.4,59.9,153.7,1380,4308.5,0.4,0.1,46.2,44,3,4.5,0.1,0.1,0,0,1.5,17,59.9,445.8,0,-0.2,0,-0.1,1.6,3,-1.9,0,5.08,0,0,0,0,3.5,1.3,824.8,3.59,0, 
71, eco17,12,1,-0.6,5900.3,32098,185.6,52.9,65,121.9,301.26,923.8,9.7,8.5,3,15086.5,3771.6,968.8,387.4,10.1,1.3,5,0.4,60.1,153.4,1376.9,4309.8,0.4,0.1,46.2,44,3.1,4.5,0.1,0.1,0,0,1.5,16.9,59.6,446.1,0,-0.2,0,-0.1,1.6,3,-1.9,0,5.08,0,0,0,0,3.5,1.3,825.6,3.6,0, 
72, eco17,12,1,-1.8,5899.1,32098,186.8,53.2,65.4,122.4,302.03,924.5,9.7,8.5,3,15085.5,3771.4,972.1,388.2,10.1,1.3,5,0.4,60.4,153.2,1374.4,4311.2,0.4,0.1,46.2,44,3.1,4.5,0.1,0.1,0,0,1.5,16.9,59.2,446.4,0,-0.2,0,-0.1,1.6,3,-1.9,0,5.08,0,0,0,0,3.5,1.3,826.3,3.61,0, 
73, eco17,12,1,-1.8,5898.3,32097,187,53.3,65.4,123,302.77,925.2,9.6,8.6,3,15084.1,3771,975.5,389.1,10.1,1.3,5,0.4,60.6,153,1372.2,4312.6,0.4,0.1,46.1,44,3.1,4.6,0.1,0.1,0,0,1.5,16.9,58.9,446.7,0,-0.2,0,-0.1,1.6,3,-1.9,0,5.08,0,0,0,0,3.5,1.3,827,3.62,0, 
74, eco17,12,1,-3.4,5898.1,32090,188.8,53.8,66.1,123.6,303.44,925.9,9.6,8.6,3,15083.2,3770.8,979,390,10.2,1.3,5.1,0.4,60.8,152.9,1370.5,4313.9,0.4,0.1,46.1,44,3.1,4.6,0.1,0.1,0,0,1.5,16.8,58.7,447,0,-0.2,0,-0.1,1.6,3,-1.9,0,5.08,0,0,0,0,3.6,1.3,827.7,3.63,0, 
75, eco17,12,1,-3.2,5898.3,32090,188.9,53.8,66.1,124.2,304.09,926.6,9.6,8.6,3,15081.9,3770.5,982.7,391,10.3,1.3,5.1,0.4,61.1,152.8,1369.2,4315.3,0.4,0.1,46.1,44,3.1,4.6,0.1,0.1,0,0,1.5,16.8,58.4,447.2,0,-0.2,0,-0.1,1.6,3,-2,0,5.08,0,0,0,0,3.6,1.3,828.3,3.64,0, 
76, eco17,12,1,-4.1,5899,32088,190.1,54.2,66.5,124.8,304.7,927.2,9.6,8.6,3,15080.6,3770.2,986.5,392.1,10.3,1.3,5.1,0.4,61.3,152.7,1368.3,4316.6,0.4,0.1,46,44,3.1,4.6,0.1,0.1,0,0,1.6,16.8,58.2,447.5,0,-0.2,0,-0.1,1.7,3,-2,0,5.08,0,0,0,0,3.6,1.3,829,3.64,0, 
77, eco17,12,1,-4.9,5900.1,32085,191.2,54.5,66.9,125.5,305.25,927.9,9.6,8.6,3,15079.4,3769.9,990.5,393.3,10.4,1.4,5.2,0.4,61.6,152.7,1367.8,4318,0.4,0.1,46,44,3.2,4.6,0.1,0.1,0,0,1.6,16.8,58,447.8,0,-0.2,0,-0.1,1.7,3,-2,0,5.08,0,0,0,0,3.6,1.3,829.6,3.65,0, 
78, eco17,12,1,-5.5,5901.7,32082,192.2,54.8,67.2,126.1,305.76,928.5,9.6,8.7,3,15078.2,3769.6,994.7,394.5,10.4,1.4,5.2,0.4,61.9,152.8,1367.7,4319.3,0.4,0.1,46,44,3.2,4.6,0.1,0.1,0,0,1.6,16.8,57.8,448.1,0,-0.2,0,-0.1,1.7,3,-2,0,5.08,0,0,0,0,3.6,1.3,830.2,3.66,0, 
79, eco17,12,1,-6.3,5903.7,32078,193.4,55.1,67.7,126.8,306.24,929.1,9.6,8.7,3,15077.1,3769.3,998.9,395.7,10.5,1.4,5.2,0.4,62.2,152.8,1368,4320.7,0.4,0.1,45.9,44,3.2,4.6,0.1,0.1,0,0,1.6,16.8,57.7,448.4,0,-0.2,0,-0.1,1.7,3,-2,0,5.08,0,0,0,0,3.7,1.3,830.9,3.66,0, 
80, eco17,12,1,-6.4,5906,32078,193.9,55.3,67.9,127.5,306.68,929.7,9.6,8.7,3,15075.6,3768.9,1003.4,397.1,10.5,1.4,5.2,0.4,62.5,152.9,1368.6,4322.1,0.4,0.1,45.9,44,3.2,4.7,0.1,0.1,0,0,1.6,16.8,57.6,448.7,0,-0.2,0,-0.1,1.7,3,-2,0,5.08,0,0,0,0,3.7,1.3,831.5,3.67,0, 
81, eco17,12,1,-7,5908.8,32075,195,55.6,68.2,128.3,307.09,930.3,9.6,8.8,3.1,15074.1,3768.5,1007.9,398.5,10.6,1.4,5.2,0.4,62.8,153.1,1369.5,4323.4,0.4,0.1,45.9,44,3.2,4.7,0.1,0.1,0,0,1.6,16.8,57.4,448.9,0,-0.2,0,-0.1,1.7,3,-2.1,0,5.08,0,0,0,0,3.7,1.3,832.1,3.67,0, 
82, eco17,12,1,-8.2,5912,32071,196.7,56.1,68.8,129,307.46,930.8,9.6,8.8,3.1,15073,3768.2,1012.6,400,10.7,1.4,5.3,0.4,63.1,153.3,1370.8,4324.8,0.4,0.1,45.8,44,3.2,4.7,0.1,0.1,0,0,1.6,16.8,57.4,449.2,0,-0.2,0,-0.1,1.7,3,-2.1,0,5.08,0,0,0,0,3.7,1.3,832.6,3.68,0, 
83, eco17,12,1,-8.7,5915.7,32070,197.8,56.4,69.3,129.7,307.79,931.4,9.7,8.8,3.1,15071.9,3768,1017.4,401.5,10.8,1.4,5.3,0.4,63.5,153.5,1372.5,4326.1,0.4,0.1,45.8,44,3.3,4.7,0.1,0.1,0,0,1.6,16.8,57.3,449.5,0,-0.2,0,-0.1,1.7,3,-2.1,0,5.08,0,0,0,0,3.8,1.3,833.2,3.68,0, 
84, eco17,12,1,-8.6,5919.6,32069,198.5,56.6,69.5,130.5,308.09,931.9,9.7,8.8,3.1,15070.4,3767.6,1022.3,403.1,10.8,1.4,5.3,0.4,63.8,153.8,1374.5,4327.5,0.4,0.1,45.7,44,3.3,4.7,0.1,0.1,0,0,1.6,16.9,57.2,449.8,0,-0.2,0,-0.1,1.7,3,-2.1,0,5.08,0,0,0,0,3.8,1.4,833.8,3.69,0, 
85, eco17,12,1,-9.3,5923.8,32063,199.7,56.9,69.9,131.2,308.36,932.5,9.7,8.8,3.1,15069,3767.2,1027.4,404.7,10.9,1.4,5.4,0.4,64.1,154.1,1376.8,4328.9,0.4,0.1,45.7,44,3.3,4.7,0.1,0.1,0,0,1.6,16.9,57.2,450.1,0,-0.2,0,-0.1,1.7,3,-2.1,0,5.08,0,0,0,0,3.8,1.4,834.3,3.69,0, 
86, eco17,12,1,-9.5,5928.4,32061,200.5,57.2,70.2,132,308.61,933,9.7,8.8,3.1,15067.4,3766.8,1032.5,406.4,10.9,1.4,5.4,0.5,64.4,154.4,1379.3,4330.3,0.4,0.1,45.7,44,3.3,4.8,0.1,0.1,0,0,1.6,16.9,57.2,450.4,0,-0.2,0,-0.1,1.7,3,-2.1,0,5.08,0,0,0,0,3.8,1.4,834.9,3.69,0, 
87, eco17,12,1,-9.8,5933.3,32056,201.6,57.5,70.5,132.7,308.83,933.6,9.7,8.9,3.1,15065.7,3766.4,1037.7,408.1,11,1.4,5.4,0.5,64.8,154.7,1382.1,4331.6,0.4,0.1,45.6,44,3.4,4.8,0.1,0.1,0,0,1.6,16.9,57.2,450.6,0.1,-0.2,0,-0.1,1.8,3,-2.2,0,5.08,0,0,0,0,3.8,1.4,835.4,3.7,0, 
88, eco17,12,1,-10.7,5938.5,32053,203.1,57.9,71,133.4,309.01,934.1,9.7,8.9,3.1,15064.3,3766.1,1042.9,409.9,11,1.4,5.5,0.5,65.1,155.1,1385.3,4333,0.4,0.1,45.6,44,3.4,4.8,0.1,0.1,0,0,1.7,17,57.2,450.9,0.1,-0.2,0,-0.1,1.8,3,-2.2,0,5.08,0,0,0,0,3.8,1.4,835.9,3.7,0, 
89, eco17,12,1,-11.1,5944.1,32051,204.3,58.2,71.5,134.2,309.17,934.6,9.8,9,3.1,15062.9,3765.7,1048.2,411.7,11.1,1.4,5.5,0.5,65.5,155.5,1388.7,4334.4,0.4,0.1,45.5,43.9,3.4,4.8,0.1,0.1,0,0,1.7,17,57.2,451.2,0.1,-0.2,0,-0.1,1.8,3,-2.2,0,5.08,0,0,0,0,3.9,1.4,836.4,3.7,0, 
90, eco17,12,1,-11.7,5950,32050,205.7,58.6,72,134.8,309.29,935.1,9.8,8.9,3.1,15061.8,3765.4,1053.5,413.5,11.2,1.5,5.5,0.5,65.9,156,1392.3,4335.8,0.4,0.1,45.5,43.9,3.4,4.8,0.1,0.1,0,0,1.7,17.1,57.2,451.5,0.1,-0.2,0,-0.1,1.8,3,-2.2,0,5.08,0,0,0,0,3.9,1.4,836.9,3.7,0, 
91, eco17,12,1,-11.5,5956.1,32045,206.3,58.8,72.1,135.5,309.41,935.6,9.8,9,3.1,15060.4,3765.1,1058.8,415.3,11.2,1.5,5.5,0.5,66.2,156.4,1396.2,4337.2,0.4,0.1,45.4,43.9,3.4,4.9,0.1,0.1,0,0,1.7,17.1,57.3,451.8,0.1,-0.2,0,-0.1,1.8,3,-2.2,0,5.08,0,0,0,0,3.9,1.4,837.4,3.7,0, 
92, eco17,12,1,-12.6,5962.5,32045,208.1,59.3,72.8,136.2,309.48,936.1,9.9,9,3.1,15059.5,3764.9,1064,417.2,11.3,1.5,5.6,0.5,66.6,156.9,1400.4,4338.6,0.4,0.1,45.4,43.9,3.5,4.9,0.1,0.1,0,0,1.7,17.2,57.3,452.1,0.1,-0.3,0,-0.1,1.8,3,-2.2,0,5.08,0,0,0,0,3.9,1.4,837.9,3.7,0, 
93, eco17,12,1,-12.2,5969.1,32041,208.6,59.5,73,136.8,309.54,936.5,9.9,9,3.1,15058.3,3764.6,1069.2,419,11.4,1.5,5.6,0.5,66.9,157.4,1404.7,4340,0.4,0.1,45.3,43.9,3.5,4.9,0.1,0.1,0,0,1.7,17.2,57.4,452.4,0.1,-0.3,0,-0.1,1.8,3,-2.3,0,5.08,0,0,0,0,4,1.4,838.4,3.7,0, 
94, eco17,12,1,-11.9,5975.7,32037,209.1,59.6,73.1,137.3,309.59,937,9.9,9,3.2,15056.9,3764.2,1074.3,420.8,11.4,1.5,5.6,0.5,67.2,158,1409.1,4341.4,0.4,0.1,45.3,43.9,3.5,4.9,0.1,0.1,0,0,1.7,17.3,57.5,452.7,0.1,-0.3,0,-0.1,1.8,3,-2.3,0,5.08,0,0,0,0,4,1.4,838.9,3.7,0, 
95, eco17,12,1,-12.6,5982.6,32037,210.5,60,73.7,137.8,309.61,937.5,9.9,9,3.2,15056,3764,1079.2,422.6,11.5,1.5,5.7,0.5,67.6,158.5,1413.7,4342.9,0.4,0.1,45.2,43.9,3.5,4.9,0.1,0.1,0,0,1.7,17.3,57.6,453,0.1,-0.3,0,-0.1,1.8,3,-2.3,0,5.08,0,0,0,0,4,1.4,839.4,3.7,0, 
96, eco17,12,1,-12.5,5989.7,32033,211.3,60.2,74,138.3,309.62,937.9,10,9,3.2,15055.1,3763.8,1084,424.4,11.5,1.5,5.7,0.5,67.9,159,1418.4,4344.3,0.4,0.1,45.2,43.9,3.5,5,0.1,0.1,0,0,1.7,17.4,57.7,453.3,0.1,-0.3,0,-0.1,1.8,3,-2.3,0,5.08,0,0,0,0,4,1.4,839.9,3.7,0, 
97, eco17,12,1,-12,5996.7,32033,211.6,60.3,74.1,138.7,309.62,938.4,10,9,3.1,15053.9,3763.5,1088.6,426.1,11.6,1.5,5.7,0.5,68.2,159.6,1423.2,4345.8,0.4,0.1,45.1,43.9,3.6,5,0.1,0.1,0,0,1.7,17.4,57.8,453.6,0.1,-0.3,0,-0.1,1.8,3,-2.3,0,5.08,0,0,0,0,4,1.4,840.3,3.7,0, 
98, eco17,12,1,-12,6003.8,32029,212.4,60.5,74.3,139,309.6,938.8,10,9,3.2,15053,3763.2,1093,427.8,11.6,1.5,5.7,0.5,68.4,160.1,1428,4347.2,0.4,0.1,45.1,43.9,3.6,5,0.1,0.1,0,0,1.7,17.5,58,453.8,0.1,-0.3,0,-0.1,1.8,3,-2.3,0,5.08,0,0,0,0,4,1.4,840.8,3.7,0, 
99, eco17,12,1,-12.4,6011,32033,213.5,60.8,74.7,139.3,309.57,939.3,10,9,3.2,15052.4,3763.1,1097.1,429.4,11.7,1.5,5.7,0.5,68.7,160.7,1433,4348.7,0.4,0.1,45,43.9,3.6,5,0.1,0.1,0,0,1.7,17.5,58.1,454.1,0.1,-0.3,0,-0.1,1.9,3,-2.4,0,5.08,0,0,0,0,4.1,1.5,841.3,3.7,0, 
100, eco17,12,1,-11.4,6018.1,32029,213.4,60.8,74.7,139.5,309.53,939.7,10.1,9,3.2,15051.6,3762.9,1100.9,431,11.7,1.5,5.7,0.5,68.9,161.2,1437.8,4350.1,0.4,0.1,45,43.9,3.6,5,0.1,0.1,0,0,1.7,17.6,58.2,454.4,0.1,-0.3,0,-0.1,1.9,3.1,-2.4,0,5.08,0,0,0,0,4,1.5,841.8,3.7,0, 
101, eco17,12,1,-11.7,6025.3,32028,214.3,61.1,75,139.7,309.49,940.2,10.1,9,3.1,15051.2,3762.8,1104.4,432.4,11.7,1.5,5.7,0.5,69.2,161.8,1442.7,4351.6,0.4,0.1,44.9,43.9,3.6,5.1,0.1,0.1,0,0,1.7,17.7,58.4,454.7,0.1,-0.3,0,-0.1,1.9,3.1,-2.4,0,5.08,0,0,0,0,4.1,1.5,842.2,3.7,0, 
102, eco17,12,1,-10.8,6032.3,32026,214.1,61,74.9,139.8,309.44,940.6,10.1,9,3.1,15050.6,3762.7,1107.6,433.8,11.7,1.5,5.7,0.5,69.3,162.3,1447.6,4353.1,0.4,0.1,44.9,43.9,3.6,5.1,0.1,0.1,0,0,1.7,17.7,58.5,455.1,0.1,-0.3,0,-0.1,1.9,3.1,-2.4,0,5.08,0,0,0,0,4.1,1.5,842.7,3.7,0, 
103, eco17,12,1,-10.8,6039.2,32023,214.7,61.2,75.1,139.8,309.39,941.1,10.1,9,3.1,15050.4,3762.6,1110.5,435.1,11.7,1.5,5.8,0.5,69.5,162.8,1452.3,4354.6,0.4,0.1,44.8,43.9,3.6,5.1,0.1,0.1,0,0,1.8,17.8,58.7,455.4,0.1,-0.3,0,-0.1,1.9,3.1,-2.4,0,5.08,0,0,0,0,4.1,1.5,843.2,3.7,0, 
104, eco17,12,1,-10.3,6046.1,32023,214.8,61.2,75.3,139.8,309.33,941.5,10.2,8.9,3.1,15050.2,3762.6,1113,436.2,11.8,1.5,5.8,0.5,69.6,163.3,1457,4356.1,0.4,0.1,44.8,43.9,3.6,5.1,0.1,0.1,0,0,1.8,17.8,58.9,455.7,0.1,-0.3,0,-0.1,1.9,3.1,-2.4,0,5.08,0,0,0,0,4.1,1.5,843.6,3.7,0, 
105, eco17,12,1,-9.2,6052.6,32022,214.3,61.1,75,139.7,309.29,941.9,10.2,8.9,3.1,15049.8,3762.4,1115.2,437.3,11.7,1.5,5.7,0.5,69.7,163.8,1461.5,4357.6,0.4,0.1,44.7,43.9,3.6,5.1,0.1,0.1,0,0,1.8,17.9,59,456,0.1,-0.3,0,-0.1,1.9,3.1,-2.4,0,5.08,0,0,0,0,4.1,1.5,844.1,3.7,0, 
106, eco17,12,1,-9.3,6059.1,32024,214.8,61.2,75.2,139.6,309.23,942.4,10.2,8.9,3.1,15049.7,3762.4,1117.1,438.3,11.8,1.5,5.8,0.5,69.8,164.3,1465.9,4359.1,0.4,0.1,44.7,43.9,3.6,5.1,0.1,0.1,0,0,1.8,17.9,59.2,456.3,0.1,-0.3,0,-0.1,1.9,3.1,-2.4,0,5.08,0,0,0,0,4.1,1.5,844.6,3.7,0, 
107, eco17,12,1,-8,6065.2,32023,214,61,75,139.5,309.19,942.8,10.2,8.8,3.1,15049.3,3762.3,1118.8,439.2,11.7,1.5,5.7,0.5,69.9,164.7,1470,4360.6,0.4,0.1,44.6,43.9,3.6,5.1,0.1,0.1,0,0,1.7,18,59.3,456.6,0.1,-0.3,0,-0.1,1.9,3.1,-2.5,0,5.08,0,0,0,0,4.1,1.5,845,3.7,0, 
108, eco17,12,1,-8.1,6071.2,32021,214.4,61.1,75,139.4,309.15,943.2,10.2,8.8,3.1,15049.3,3762.3,1120.1,440,11.7,1.5,5.7,0.5,69.9,165.1,1474,4362.1,0.4,0.1,44.6,43.9,3.6,5.2,0.1,0.1,0,0,1.7,18,59.5,456.9,0.1,-0.3,0,-0.1,1.9,3.1,-2.5,0,5.08,0,0,0,0,4.1,1.5,845.5,3.7,0, 
109, eco17,12,1,-7.2,6077,32017,214,61,74.9,139.3,309.11,943.7,10.3,8.8,3.1,15049,3762.3,1121.2,440.7,11.7,1.5,5.7,0.5,69.9,165.5,1477.8,4363.7,0.4,0.1,44.6,43.9,3.6,5.2,0.1,0.1,0,0,1.7,18.1,59.6,457.2,0.1,-0.3,0,-0.1,1.9,3.1,-2.5,0,5.08,0,0,0,0,4.1,1.5,846,3.7,0, 
110, eco17,12,1,-7,6082.6,32022,214.1,61,75,139.2,309.07,944.1,10.3,8.7,3.1,15049,3762.3,1122.1,441.4,11.7,1.5,5.7,0.5,70,165.9,1481.5,4365.2,0.4,0.1,44.5,43.9,3.6,5.2,0.1,0.1,0,0,1.7,18.1,59.8,457.5,0.1,-0.3,0,-0.1,1.9,3.1,-2.5,0,5.08,0,0,0,0,4.1,1.5,846.4,3.7,0, 
111, eco17,12,1,-5.9,6087.8,32016,213.2,60.8,74.6,139.1,309.06,944.6,10.3,8.7,3.1,15048.5,3762.1,1122.9,441.9,11.7,1.5,5.7,0.5,69.9,166.3,1484.8,4366.8,0.4,0.1,44.5,43.9,3.6,5.2,0.1,0.1,0,0,1.7,18.2,59.9,457.8,0.1,-0.3,0,-0.1,1.9,3.2,-2.5,0,5.08,0,0,0,0,4,1.5,846.9,3.7,0, 
112, eco17,12,1,-6.1,6092.9,32020,213.7,60.9,74.8,139.1,309.03,945,10.3,8.7,3.1,15048.3,3762.1,1123.5,442.5,11.7,1.5,5.7,0.5,70,166.6,1488.1,4368.3,0.4,0.1,44.5,43.9,3.6,5.2,0.1,0.1,0,0,1.7,18.2,60.1,458.1,0.1,-0.3,0,-0.1,1.9,3.2,-2.5,0,5.08,0,0,0,0,4.1,1.5,847.4,3.7,0, 
113, eco17,12,1,-5.8,6097.9,32022,213.6,60.9,74.8,139.1,309.02,945.4,10.3,8.7,3,15048.1,3762,1124.2,443,11.7,1.5,5.7,0.5,70,166.9,1491.1,4369.8,0.4,0.1,44.4,43.9,3.6,5.2,0.1,0.1,0,0,1.7,18.2,60.2,458.5,0.1,-0.3,0,-0.1,1.9,3.2,-2.5,0,5.08,0,0,0,0,4.1,1.5,847.9,3.7,0, 
114, eco17,12,1,-5.1,6102.5,32019,213.1,60.7,74.6,139.2,309.01,945.9,10.3,8.7,3.1,15047.4,3761.8,1125,443.6,11.7,1.5,5.7,0.5,69.9,167.2,1494,4371.4,0.4,0.1,44.4,43.9,3.6,5.2,0.1,0.1,0,0,1.7,18.3,60.4,458.8,0.1,-0.3,0,-0.1,1.9,3.2,-2.5,0,5.08,0,0,0,0,4,1.5,848.4,3.7,0, 
115, eco17,12,1,-6.2,6107.3,32017,214.4,61.1,75,139.4,308.99,946.3,10.4,8.7,3.1,15047.4,3761.8,1125.8,444.1,11.7,1.5,5.7,0.5,70,167.5,1496.8,4373,0.4,0.1,44.4,43.9,3.6,5.2,0.1,0.1,0,0,1.7,18.3,60.5,459.1,0.1,-0.3,0,-0.1,1.9,3.2,-2.5,0,5.08,0,0,0,0,4.1,1.5,848.8,3.7,0, 
116, eco17,12,1,-5.5,6111.9,32017,214,61,74.9,139.6,308.98,946.8,10.4,8.7,3,15046.9,3761.7,1126.8,444.7,11.7,1.5,5.7,0.5,70.1,167.8,1499.5,4374.5,0.4,0.1,44.3,43.9,3.6,5.2,0.1,0.1,0,0,1.7,18.3,60.6,459.4,0.1,-0.3,0,-0.1,1.9,3.2,-2.5,0,5.08,0,0,0,0,4.1,1.5,849.3,3.7,0, 
117, eco17,12,1,-5.4,6116.3,32014,214.1,61,74.9,139.8,308.98,947.2,10.4,8.7,3,15046.2,3761.6,1128,445.2,11.7,1.5,5.7,0.5,70.1,168.1,1502.1,4376.1,0.4,0.1,44.3,43.9,3.6,5.2,0.1,0.1,0,0,1.7,18.4,60.8,459.7,0.1,-0.3,0,-0.1,1.9,3.2,-2.5,0,5.08,0,0,0,0,4.1,1.5,849.8,3.7,0, 
118, eco17,12,1,-5.5,6120.8,32012,214.5,61.1,75.1,140.1,308.98,947.6,10.4,8.7,3,15045.5,3761.4,1129.3,445.9,11.8,1.5,5.7,0.5,70.1,168.4,1504.6,4377.7,0.4,0.1,44.3,43.9,3.6,5.2,0.1,0.1,0,0,1.8,18.4,60.9,460,0.1,-0.3,0,-0.1,1.9,3.2,-2.5,0,5.08,0,0,0,0,4.1,1.5,850.3,3.7,0, 
119, eco17,12,1,-5.7,6125.2,32010,215,61.3,75.2,140.4,308.96,948.1,10.4,8.7,3,15044.9,3761.2,1130.7,446.5,11.8,1.5,5.7,0.5,70.2,168.6,1507.1,4379.2,0.4,0.1,44.2,43.9,3.6,5.2,0.1,0.1,0,0,1.8,18.4,61,460.3,0.1,-0.3,0,-0.1,1.9,3.2,-2.5,0,5.08,0,0,0,0,4.1,1.5,850.7,3.7,0, 
120, eco17,12,1,-5.9,6129.6,32013,215.4,61.4,75.4,140.6,308.95,948.5,10.4,8.7,3,15044.3,3761.1,1132.2,447.2,11.8,1.5,5.8,0.5,70.3,168.9,1509.6,4380.8,0.4,0.1,44.2,43.8,3.6,5.2,0.1,0.1,0,0,1.8,18.5,61.1,460.7,0.1,-0.3,0,-0.1,1.9,3.2,-2.5,0,5.08,0,0,0,0,4.1,1.5,851.2,3.7,0, 
121, eco17,12,1,-6.1,6134.1,32011,215.9,61.5,75.6,140.8,308.93,948.9,10.5,8.6,3,15043.8,3760.9,1133.8,447.9,11.8,1.5,5.8,0.5,70.4,169.2,1512.1,4382.4,0.4,0.1,44.2,43.8,3.6,5.2,0.1,0.1,0,0,1.8,18.5,61.2,461,0.1,-0.3,0,-0.1,1.9,3.2,-2.5,0,5.08,0,0,0,0,4.1,1.5,851.6,3.7,0, 
122, eco17,12,1,-5.4,6138.4,32008,215.5,61.4,75.4,141,308.92,949.4,10.5,8.6,3,15042.8,3760.7,1135.4,448.6,11.8,1.5,5.8,0.5,70.4,169.4,1514.6,4384,0.4,0.1,44.1,43.8,3.6,5.3,0.1,0.1,0,0,1.8,18.5,61.4,461.3,0.1,-0.3,0,-0.1,1.9,3.2,-2.5,0,5.08,0,0,0,0,4.1,1.5,852.1,3.7,0, 
123, eco17,12,1,-6.2,6142.8,32006,216.5,61.7,75.8,141.2,308.9,949.8,10.5,8.6,3,15042.4,3760.6,1137,449.3,11.9,1.5,5.8,0.5,70.5,169.7,1517,4385.6,0.4,0.1,44.1,43.8,3.6,5.3,0.1,0.1,0,0,1.8,18.6,61.5,461.6,0.1,-0.3,0,-0.1,1.9,3.2,-2.5,0,5.08,0,0,0,0,4.1,1.5,852.5,3.7,0, 
124, eco17,12,1,-5.4,6147,32005,216.1,61.6,75.7,141.3,308.89,950.2,10.5,8.6,3,15041.5,3760.4,1138.6,450,11.9,1.5,5.8,0.5,70.6,169.9,1519.4,4387.2,0.4,0.1,44.1,43.8,3.6,5.3,0.1,0.1,0,0,1.8,18.6,61.6,461.9,0.1,-0.3,0,-0.1,1.9,3.2,-2.5,0,5.08,0,0,0,0,4.1,1.5,853,3.7,0, 
125, eco17,12,1,-5.7,6151.3,32006,216.5,61.7,75.8,141.4,308.88,950.6,10.5,8.6,3,15040.9,3760.2,1140.1,450.6,11.9,1.5,5.8,0.5,70.7,170.2,1521.7,4388.7,0.4,0.1,44.1,43.8,3.6,5.3,0.1,0.1,0,0,1.8,18.6,61.7,462.3,0.1,-0.3,0,-0.1,1.9,3.2,-2.5,0,5.08,0,0,0,0,4.1,1.5,853.4,3.7,0, 
126, eco17,12,1,-5.8,6155.6,32002,217,61.8,76,141.5,308.85,951,10.5,8.5,3,15040.4,3760.1,1141.6,451.3,11.9,1.5,5.8,0.5,70.8,170.4,1524,4390.3,0.4,0.1,44,43.8,3.6,5.3,0.1,0.1,0,0,1.8,18.6,61.8,462.6,0.1,-0.3,0,-0.1,1.9,3.3,-2.5,0,5.08,0,0,0,0,4.1,1.5,853.9,3.7,0, 
127, eco17,12,1,-5.8,6159.8,32003,217.2,61.9,76,141.5,308.83,951.5,10.6,8.5,3,15040.1,3760,1142.9,451.9,11.9,1.6,5.8,0.5,70.8,170.7,1526.3,4391.9,0.4,0.1,44,43.8,3.6,5.3,0.1,0.1,0,0,1.8,18.7,61.9,462.9,0.1,-0.3,0,-0.1,1.9,3.3,-2.5,0,5.08,0,0,0,0,4.1,1.5,854.3,3.7,0, 
128, eco17,12,1,-5.4,6163.8,32000,217,61.8,75.9,141.5,308.82,951.9,10.6,8.6,3,15039.6,3759.9,1144.2,452.5,11.9,1.5,5.8,0.5,70.8,170.9,1528.5,4393.6,0.4,0.1,44,43.8,3.6,5.3,0.1,0.1,0,0,1.8,18.7,62,463.2,0.1,-0.3,0,-0.1,1.9,3.3,-2.5,0,5.08,0,0,0,0,4.1,1.5,854.7,3.69,0, 
129, eco17,12,1,-5.5,6167.9,31998,217.4,62,76.2,141.6,308.8,952.3,10.6,8.5,3,15039.4,3759.8,1145.4,453.1,12,1.6,5.8,0.5,70.9,171.2,1530.7,4395.2,0.4,0.1,44,43.8,3.6,5.3,0.1,0.1,0,0,1.8,18.7,62.1,463.6,0.1,-0.3,0,-0.1,1.9,3.3,-2.5,0,5.08,0,0,0,0,4.2,1.5,855.2,3.69,0, 
130, eco17,12,1,-4.2,6171.9,32000,216.5,61.7,76,140.6,308.8,952.7,10.6,8.3,2.9,15038.4,3759.6,1146.6,453.6,12,1.5,5.8,0.5,70.9,171.4,1532.8,4396.8,0.4,0.1,43.9,43.8,3.6,5.3,0.1,0.1,0,0,1.8,18.8,62.2,463.9,0.1,-0.3,0,-0.1,1.9,3.3,-2.5,0,5.08,0,0,0,0,4.1,1.5,855.6,3.69,0, 
131, eco17,12,1,-3,6175.4,31999,215.3,61.4,75.3,140.7,308.8,953.1,10.6,8.3,2.9,15037.7,3759.4,1146.8,454,11.9,1.5,5.7,0.5,70.8,171.5,1534.7,4398.4,0.4,0.1,43.9,43.8,3.6,5.3,0.1,0.1,0,0,1.8,18.8,62.3,464.2,0.1,-0.3,0,-0.1,1.9,3.3,-2.5,0,5.08,0,0,0,0,4.1,1.5,856,3.69,0, 
132, eco17,12,1,-3.5,6178.9,31995,215.9,61.5,75.6,140.8,308.8,953.5,10.6,8.3,2.9,15037.2,3759.3,1147.1,454.3,11.9,1.5,5.7,0.5,70.8,171.7,1536.4,4400,0.4,0.1,43.9,43.8,3.6,5.3,0.1,0.1,0,0,1.8,18.8,62.4,464.5,0.1,-0.3,0,-0.1,1.9,3.3,-2.5,0,5.08,0,0,0,0,4.1,1.5,856.5,3.69,0, 
133, eco17,12,1,-3.7,6182.3,31996,216.1,61.6,75.6,141,308.79,953.9,10.6,8.3,2.9,15036.7,3759.2,1147.6,454.7,11.9,1.5,5.7,0.5,70.8,171.9,1538,4401.6,0.4,0.1,43.9,43.8,3.6,5.3,0.1,0.1,0,0,1.8,18.8,62.5,464.9,0.1,-0.3,0,-0.1,1.9,3.3,-2.5,0,5.08,0,0,0,0,4.1,1.5,856.9,3.69,0, 
134, eco17,12,1,-3.4,6185.6,31995,216,61.6,75.6,141.2,308.79,954.3,10.6,8.3,2.9,15035.9,3759,1148.3,455.1,11.9,1.5,5.7,0.5,70.8,172,1539.6,4403.2,0.4,0.1,43.9,43.8,3.5,5.3,0.1,0.1,0,0,1.8,18.8,62.6,465.2,0.1,-0.3,0,-0.1,1.9,3.3,-2.5,0,5.08,0,0,0,0,4.1,1.5,857.3,3.69,0, 
135, eco17,12,1,-3.5,6188.9,31991,216.1,61.6,75.6,141.4,308.78,954.7,10.6,8.3,2.9,15035,3758.7,1149.2,455.5,11.9,1.5,5.7,0.5,70.8,172.2,1541.1,4404.9,0.4,0.1,43.9,43.8,3.5,5.3,0.1,0.1,0,0,1.8,18.8,62.6,465.5,0.1,-0.3,0,-0.1,1.9,3.3,-2.5,0,5.08,0,0,0,0,4.1,1.5,857.7,3.69,0, 
136, eco17,12,1,-3.9,6192.2,31987,216.7,61.8,75.8,141.6,308.77,955.1,10.6,8.3,2.9,15034.2,3758.5,1150.2,456,12,1.6,5.7,0.5,70.9,172.3,1542.6,4406.5,0.4,0.1,43.9,43.8,3.5,5.3,0.1,0.1,0,0,1.8,18.9,62.7,465.8,0.1,-0.3,0,-0.1,1.9,3.3,-2.5,0,5.08,0,0,0,0,4.2,1.5,858.2,3.69,0, 
137, eco17,12,1,-4.3,6195.6,31987,217.2,61.9,76,141.9,308.76,955.5,10.6,8.3,2.9,15033.4,3758.4,1151.5,456.5,12,1.6,5.7,0.5,70.9,172.5,1544.1,4408.1,0.4,0.1,43.8,43.8,3.5,5.3,0.1,0.1,0,0,1.8,18.9,62.8,466.2,0.1,-0.3,0,-0.1,1.9,3.3,-2.5,0,5.08,0,0,0,0,4.2,1.5,858.6,3.69,0, 
138, eco17,12,1,-4.2,6199,31985,217.3,61.9,76.1,142.3,308.74,955.9,10.7,8.2,2.9,15032.4,3758.1,1152.9,457.1,12,1.6,5.7,0.5,71,172.7,1545.6,4409.7,0.4,0.1,43.8,43.8,3.5,5.4,0.1,0.1,0,0,1.8,18.9,62.9,466.5,0.1,-0.3,0,-0.1,1.9,3.3,-2.5,0,5.08,0,0,0,0,4.2,1.5,859,3.69,0, 
139, eco17,12,1,-4.6,6202.5,31986,217.9,62.1,76.3,142.6,308.72,956.3,10.7,8.2,2.9,15031.5,3757.9,1154.6,457.8,12,1.6,5.8,0.5,71.1,172.8,1547.2,4411.4,0.4,0.1,43.8,43.8,3.5,5.4,0.1,0.1,0,0,1.8,18.9,62.9,466.8,0.1,-0.3,0,-0.1,1.9,3.3,-2.5,0,5.08,0,0,0,0,4.2,1.5,859.4,3.69,0, 
140, eco17,12,1,-4.4,6205.9,31983,217.9,62.1,76.2,143,308.7,956.7,10.7,8.2,2.9,15030.1,3757.5,1156.5,458.5,12,1.6,5.8,0.5,71.1,173,1548.8,4413,0.4,0.1,43.8,43.8,3.5,5.4,0.1,0.1,0,0,1.8,18.9,63,467.1,0.1,-0.3,0,-0.1,1.9,3.3,-2.5,0,5.08,0,0,0,0,4.2,1.5,859.8,3.69,0, 
141, eco17,12,1,-5.6,6209.6,31979,219.3,62.5,76.8,143.5,308.66,957,10.7,8.2,2.9,15029.2,3757.3,1158.6,459.3,12.1,1.6,5.8,0.5,71.3,173.2,1550.5,4414.6,0.4,0.1,43.8,43.8,3.5,5.4,0.1,0.1,0,0,1.8,19,63.1,467.5,0.1,-0.3,0,-0.1,1.9,3.3,-2.5,0,5.08,0,0,0,0,4.2,1.5,860.2,3.69,0, 
142, eco17,12,1,-5.2,6213.3,31975,219.2,62.5,76.7,143.9,308.63,957.4,10.7,8.3,2.9,15027.7,3756.9,1161,460.1,12.1,1.6,5.8,0.5,71.4,173.4,1552.2,4416.3,0.4,0.1,43.8,43.7,3.5,5.4,0.1,0.1,0,0,1.8,19,63.2,467.8,0.1,-0.3,0,-0.1,1.9,3.3,-2.5,0,5.08,0,0,0,0,4.2,1.5,860.6,3.69,0, 
143, eco17,12,1,-6,6217.2,31974,220.4,62.8,77.2,144.4,308.58,957.8,10.7,8.2,2.9,15026.5,3756.6,1163.6,461.1,12.2,1.6,5.8,0.5,71.6,173.6,1554.1,4417.9,0.4,0.1,43.8,43.7,3.5,5.4,0.1,0.1,0,0,1.8,19,63.2,468.1,0.1,-0.3,0,-0.1,1.9,3.3,-2.5,0,5.08,0,0,0,0,4.2,1.5,860.9,3.69,0, 
144, eco17,12,1,-5.8,6221.2,31969,220.5,62.9,77.2,145,308.53,958.2,10.7,8.2,2.9,15024.9,3756.2,1166.4,462,12.2,1.6,5.8,0.5,71.7,173.8,1556.1,4419.6,0.4,0.1,43.8,43.7,3.5,5.4,0.1,0.1,0,0,1.8,19,63.3,468.4,0.1,-0.3,0,-0.1,1.9,3.3,-2.5,0,5.08,0,0,0,0,4.2,1.5,861.3,3.69,0, 
145, eco17,12,1,-6,6225.3,31966,221.1,63,77.4,145.5,308.47,958.6,10.8,8.3,2.9,15023.1,3755.8,1169.5,463.1,12.2,1.6,5.8,0.5,71.8,174.1,1558.1,4421.2,0.4,0.1,43.7,43.7,3.5,5.4,0.1,0.1,0,0,1.8,19.1,63.4,468.8,0.1,-0.3,0,-0.1,1.9,3.3,-2.6,0,5.08,0,0,0,0,4.3,1.5,861.7,3.69,0, 
146, eco17,12,1,-7.1,6229.6,31963,222.5,63.4,77.9,146.1,308.4,958.9,10.8,8.3,2.9,15021.7,3755.4,1172.7,464.2,12.3,1.6,5.9,0.5,72.1,174.3,1560.4,4422.9,0.4,0.1,43.7,43.7,3.5,5.4,0.1,0.1,0,0,1.8,19.1,63.5,469.1,0.1,-0.3,0,-0.1,1.9,3.3,-2.6,0,5.08,0,0,0,0,4.3,1.5,862.1,3.69,0, 
147, eco17,12,1,-7.3,6234.2,31959,223.2,63.6,78.1,146.7,308.32,959.3,10.8,8.3,2.9,15020,3755,1176.2,465.4,12.4,1.6,5.9,0.5,72.3,174.6,1562.8,4424.5,0.4,0.1,43.7,43.7,3.6,5.4,0.1,0.1,0,0,1.8,19.1,63.5,469.4,0.1,-0.3,0,-0.1,1.9,3.3,-2.6,0,5.08,0,0,0,0,4.3,1.5,862.4,3.69,0, 
148, eco17,12,1,-7.5,6238.9,31955,223.9,63.8,78.4,147.3,308.22,959.7,10.8,8.3,2.9,15018.3,3754.6,1179.8,466.7,12.4,1.6,5.9,0.5,72.5,174.9,1565.3,4426.2,0.4,0.1,43.7,43.7,3.6,5.5,0.1,0.1,0,0,1.8,19.1,63.6,469.8,0.1,-0.3,0,-0.1,1.9,3.3,-2.6,0,5.08,0,0,0,0,4.3,1.5,862.8,3.69,0, 
149, eco17,12,1,-8.1,6243.8,31954,225,64.1,78.7,147.9,308.12,960,10.9,8.3,2.9,15016.6,3754.2,1183.7,468,12.5,1.6,5.9,0.5,72.7,175.2,1568,4427.8,0.4,0.1,43.7,43.7,3.6,5.5,0.1,0.1,0,0,1.8,19.2,63.7,470.1,0.1,-0.3,0,-0.1,1.9,3.3,-2.6,0,5.08,0,0,0,0,4.3,1.5,863.2,3.69,0, 
150, eco17,12,1,-7.2,6248.9,31946,224.8,64.1,78.9,147.4,308.03,960.4,10.9,8.1,2.8,15014.2,3753.5,1187.6,469.4,12.5,1.6,5.9,0.5,72.9,175.6,1570.9,4429.5,0.4,0.1,43.7,43.7,3.6,5.5,0.1,0.1,0,0,1.8,19.2,63.8,470.4,0.1,-0.3,0,-0.1,2,3.3,-2.6,0,5.08,0,0,0,0,4.3,1.5,863.5,3.69,0, 
151, eco17,12,1,-7.5,6254,31944,225.4,64.2,78.9,148.1,307.92,960.7,10.9,8.1,2.8,15012.7,3753.2,1190.8,470.6,12.5,1.6,5.9,0.5,73.1,175.9,1573.8,4431.2,0.4,0.1,43.7,43.7,3.6,5.5,0.1,0.1,0,0,1.8,19.2,63.9,470.8,0.1,-0.3,0,-0.1,2,3.4,-2.6,0,5.08,0,0,0,0,4.3,1.5,863.9,3.68,0, 
152, eco17,12,1,-7.5,6259.1,31940,225.9,64.4,79.1,148.7,307.81,961.1,10.9,8.1,2.8,15010.8,3752.7,1194.2,471.9,12.6,1.6,5.9,0.5,73.3,176.2,1576.8,4432.8,0.4,0.1,43.6,43.7,3.6,5.5,0.1,0.1,0,0,1.8,19.3,64,471.1,0.1,-0.3,0,-0.1,2,3.4,-2.6,0,5.08,0,0,0,0,4.3,1.5,864.2,3.68,0, 
153, eco17,12,1,-7.5,6264.3,31936,226.4,64.5,79.2,149.3,307.69,961.4,10.9,8.1,2.8,15008.7,3752.2,1197.8,473.2,12.6,1.6,5.9,0.5,73.4,176.5,1579.8,4434.5,0.4,0.1,43.6,43.7,3.6,5.5,0.1,0.1,0,0,1.8,19.3,64.1,471.4,0.1,-0.3,0,-0.1,2,3.4,-2.6,0,5.08,0,0,0,0,4.3,1.5,864.6,3.68,0, 
154, eco17,12,1,-8.6,6269.8,31931,227.9,64.9,79.7,149.9,307.54,961.8,10.9,8.1,2.8,15006.9,3751.7,1201.6,474.6,12.7,1.6,6,0.5,73.7,176.9,1583,4436.2,0.4,0.1,43.6,43.6,3.6,5.6,0.1,0.1,0,0,1.8,19.3,64.2,471.8,0.1,-0.3,0,-0.1,2,3.4,-2.6,0,5.08,0,0,0,0,4.4,1.5,864.9,3.68,0, 
155, eco17,12,1,-8.8,6275.4,31926,228.7,65.2,80,150.5,307.39,962.1,11,8.2,2.9,15005,3751.2,1205.5,476,12.7,1.6,6,0.5,73.9,177.3,1586.3,4437.9,0.4,0.1,43.6,43.6,3.6,5.6,0.1,0.1,0,0,1.9,19.4,64.3,472.1,0.1,-0.3,0,-0.1,2,3.4,-2.6,0,5.08,0,0,0,0,4.4,1.5,865.3,3.68,0, 
156, eco17,12,1,-8.9,6281.2,31924,229.4,65.4,80.3,151.1,307.23,962.4,11,8.2,2.9,15002.9,3750.7,1209.6,477.5,12.8,1.7,6,0.5,74.2,177.7,1589.8,4439.6,0.4,0.1,43.6,43.6,3.6,5.6,0.1,0.1,0,0,1.9,19.4,64.4,472.4,0.1,-0.3,0,-0.1,2,3.4,-2.6,0,5.08,0,0,0,0,4.4,1.5,865.6,3.68,0, 
157, eco17,12,1,-9.3,6287.1,31921,230.3,65.6,80.6,151.7,307.06,962.8,11,8.2,2.9,15000.9,3750.2,1213.8,479,12.8,1.7,6,0.5,74.4,178.1,1593.4,4441.3,0.4,0.1,43.6,43.6,3.6,5.6,0.1,0.1,0,0,1.9,19.5,64.5,472.8,0.1,-0.3,0,-0.1,2,3.4,-2.6,0,5.08,0,0,0,0,4.4,1.5,865.9,3.67,0, 
158, eco17,12,1,-9.8,6293.3,31916,231.5,66,81,152.3,306.87,963.1,11,8.2,2.9,14999.1,3749.8,1218.1,480.6,12.9,1.7,6,0.5,74.7,178.5,1597.1,4443,0.4,0.1,43.6,43.6,3.6,5.6,0.1,0.1,0,0,1.9,19.5,64.7,473.1,0.1,-0.3,0,-0.1,2,3.4,-2.6,0,5.08,0,0,0,0,4.4,1.6,866.3,3.67,0, 
159, eco17,12,1,-10.2,6299.6,31910,232.5,66.2,81.3,152.9,306.68,963.4,11.1,8.3,2.9,14997.2,3749.3,1222.5,482.2,12.9,1.7,6.1,0.5,75,179,1601,4444.7,0.4,0.1,43.5,43.6,3.7,5.6,0.1,0.1,0,0,1.9,19.5,64.8,473.5,0.1,-0.3,0,-0.1,2,3.4,-2.7,0,5.08,0,0,0,0,4.5,1.6,866.6,3.67,0, 
160, eco17,12,1,-8.8,6306,31908,232.1,66.1,81.5,152.3,306.5,963.8,11.1,8,2.8,14994.6,3748.6,1226.9,483.8,13,1.7,6.1,0.5,75.2,179.4,1605,4446.4,0.3,0.1,43.5,43.6,3.7,5.7,0.1,0.1,0,0,1.9,19.6,64.9,473.8,0.1,-0.3,0,-0.1,2,3.4,-2.7,0,5.08,0,0,0,0,4.4,1.6,866.9,3.67,0, 
161, eco17,12,1,-9.3,6312.3,31903,232.9,66.4,81.5,152.9,306.3,964.1,11.1,8,2.8,14993.1,3748.3,1230.3,485.2,13,1.7,6.1,0.5,75.4,179.8,1609,4448.1,0.3,0.1,43.5,43.6,3.7,5.7,0.1,0.1,0,0,1.9,19.6,65.1,474.1,0.1,-0.3,0,-0.1,2,3.4,-2.7,0,5.08,0,0,0,0,4.5,1.6,867.2,3.66,0, 
162, eco17,12,1,-8.9,6318.6,31900,233.1,66.4,81.6,153.5,306.1,964.4,11.1,8,2.8,14991.1,3747.8,1233.9,486.6,13,1.7,6.1,0.5,75.5,180.3,1612.9,4449.9,0.3,0.1,43.5,43.6,3.7,5.7,0.1,0.1,0,0,1.9,19.7,65.2,474.5,0.1,-0.3,0,-0.1,2,3.4,-2.7,0,5.08,0,0,0,0,4.5,1.6,867.6,3.66,0, 
163, eco17,12,1,-9.2,6325,31896,233.9,66.7,81.9,154,305.89,964.8,11.2,8,2.8,14989.2,3747.3,1237.6,488.1,13.1,1.7,6.1,0.5,75.7,180.7,1616.9,4451.6,0.3,0.1,43.5,43.6,3.7,5.7,0.1,0.1,0,0,1.9,19.7,65.3,474.8,0.1,-0.3,0,-0.1,2,3.4,-2.7,0,5.08,0,0,0,0,4.5,1.6,867.9,3.66,0, 
164, eco17,12,1,-9.6,6331.5,31890,234.9,66.9,82.1,154.6,305.67,965.1,11.2,8.1,2.8,14987.3,3746.8,1241.4,489.6,13.1,1.7,6.1,0.5,75.9,181.2,1621,4453.3,0.4,0.1,43.5,43.6,3.7,5.7,0.1,0.1,0,0,1.9,19.8,65.5,475.2,0.1,-0.3,0,-0.1,2,3.4,-2.7,0,5.08,0,0,0,0,4.5,1.6,868.2,3.66,0, 
165, eco17,12,1,-9.6,6338,31886,235.6,67.1,82.5,155.1,305.45,965.4,11.2,8.1,2.8,14985.3,3746.3,1245.4,491.1,13.2,1.7,6.1,0.5,76.2,181.6,1625.1,4455.1,0.4,0.1,43.5,43.5,3.7,5.7,0.1,0.1,0,0,1.9,19.8,65.6,475.5,0.1,-0.3,0,-0.1,2,3.4,-2.7,0,5.08,0,0,0,0,4.5,1.6,868.5,3.65,0, 
166, eco17,12,1,-9.8,6344.7,31882,236.3,67.4,82.7,155.7,305.22,965.7,11.2,8.1,2.8,14983.2,3745.8,1249.5,492.6,13.2,1.7,6.1,0.5,76.4,182.1,1629.3,4456.8,0.4,0.1,43.5,43.5,3.7,5.8,0.1,0.1,0,0,1.9,19.9,65.8,475.9,0.1,-0.3,0,-0.1,2,3.5,-2.7,0,5.08,0,0,0,0,4.5,1.6,868.8,3.65,0, 
167, eco17,12,1,-9.8,6351.4,31879,237,67.5,82.9,156.2,304.98,966,11.3,8.1,2.8,14981,3745.3,1253.6,494.2,13.3,1.7,6.1,0.5,76.6,182.6,1633.6,4458.6,0.4,0.1,43.5,43.5,3.7,5.8,0.1,0.1,0,0,1.9,19.9,65.9,476.2,0.1,-0.3,0,-0.1,2,3.5,-2.7,0,5.08,0,0,0,0,4.5,1.6,869.2,3.65,0, 
168, eco17,12,1,-10.2,6358.2,31873,238,67.8,83.3,156.8,304.73,966.4,11.3,8.1,2.8,14978.9,3744.7,1257.9,495.9,13.3,1.7,6.2,0.5,76.9,183.1,1637.9,4460.4,0.4,0.1,43.4,43.5,3.7,5.8,0.1,0.1,0,0,1.9,20,66.1,476.6,0.1,-0.3,0,-0.1,2.1,3.5,-2.7,0,5.08,0,0,0,0,4.6,1.6,869.5,3.65,0, 
169, eco17,12,1,-10.2,6365.2,31870,238.7,68,83.5,157.4,304.48,966.7,11.3,8.2,2.9,14976.6,3744.2,1262.3,497.5,13.4,1.7,6.2,0.5,77.1,183.6,1642.4,4462.1,0.4,0.1,43.4,43.5,3.7,5.8,0.1,0.1,0,0,1.9,20,66.2,476.9,0.1,-0.3,0,-0.1,2.1,3.5,-2.7,0,5.08,0,0,0,0,4.6,1.6,869.8,3.64,0, 
170, eco17,12,1,-10.8,6372.2,31867,239.9,68.4,83.9,158,304.21,967,11.4,8.2,2.9,14974.5,3743.6,1266.7,499.2,13.4,1.7,6.2,0.5,77.4,184.1,1646.9,4463.9,0.4,0.1,43.4,43.5,3.7,5.8,0.1,0.1,0,0,1.9,20.1,66.4,477.3,0.1,-0.3,0,-0.1,2.1,3.5,-2.8,0,5.08,0,0,0,0,4.6,1.6,870.1,3.64,0, 
171, eco17,12,1,-10.9,6379.5,31860,240.8,68.6,84.3,158.7,303.93,967.3,11.4,8.2,2.9,14972.4,3743.1,1271.3,500.9,13.5,1.7,6.2,0.5,77.7,184.6,1651.5,4465.7,0.4,0.1,43.4,43.5,3.8,5.9,0.1,0.1,0,0,1.9,20.1,66.5,477.6,0.1,-0.3,0,-0.1,2.1,3.5,-2.8,0,5.08,0,0,0,0,4.6,1.6,870.4,3.64,0, 
172, eco17,12,1,-10.9,6386.7,31855,241.5,68.8,84.5,159.3,303.66,967.6,11.4,8.2,2.9,14970.1,3742.5,1276,502.7,13.5,1.7,6.2,0.5,77.9,185.1,1656.2,4467.5,0.4,0.1,43.4,43.5,3.8,5.9,0.1,0.1,0,0,2,20.2,66.7,478,0.1,-0.3,0,-0.1,2.1,3.5,-2.8,0,5.08,0,0,0,0,4.6,1.6,870.7,3.63,0, 
173, eco17,12,1,-10.8,6394.1,31850,242.1,69,84.7,160,303.38,968,11.5,8.3,2.9,14967.5,3741.9,1280.7,504.5,13.6,1.7,6.2,0.5,78.2,185.6,1660.9,4469.3,0.4,0.1,43.4,43.5,3.8,5.9,0.1,0.1,0,0,2,20.3,66.9,478.3,0.1,-0.3,0,-0.1,2.1,3.5,-2.8,0,5.08,0,0,0,0,4.6,1.6,871,3.63,0, 
174, eco17,12,1,-10.8,6401.5,31842,242.8,69.2,84.9,160.6,303.1,968.3,11.5,8.3,2.9,14964.7,3741.2,1285.6,506.3,13.6,1.7,6.3,0.5,78.4,186.2,1665.7,4471.1,0.4,0.1,43.4,43.5,3.8,5.9,0.1,0.1,0,0,2,20.3,67,478.7,0.1,-0.3,0,-0.1,2.1,3.5,-2.8,0,5.08,0,0,0,0,4.7,1.6,871.3,3.63,0, 
175, eco17,12,1,-11.7,6409.1,31839,244.4,69.7,85.5,161.3,302.8,968.6,11.5,8.4,2.9,14962.3,3740.6,1290.7,508.2,13.7,1.8,6.3,0.5,78.7,186.7,1670.7,4472.9,0.4,0.1,43.4,43.4,3.8,5.9,0.1,0.1,0,0,2,20.4,67.2,479,0.1,-0.3,0,-0.1,2.1,3.5,-2.8,0,5.08,0,0,0,0,4.7,1.6,871.6,3.62,0, 
176, eco17,12,1,-11.6,6416.9,31833,245.2,69.9,85.8,162,302.49,968.9,11.6,8.4,2.9,14959.6,3739.9,1295.8,510.1,13.7,1.8,6.3,0.5,79,187.3,1675.8,4474.8,0.4,0.1,43.4,43.4,3.8,6,0.1,0.1,0,0,2,20.4,67.4,479.4,0.1,-0.3,0,-0.1,2.1,3.5,-2.8,0,5.08,0,0,0,0,4.7,1.6,871.9,3.62,0, 
177, eco17,12,1,-11.8,6424.8,31827,246.2,70.2,86.1,162.8,302.18,969.3,11.6,8.4,2.9,14956.9,3739.2,1301.1,512,13.8,1.8,6.3,0.5,79.3,187.9,1680.9,4476.6,0.4,0.1,43.4,43.4,3.8,6,0.1,0.1,0,0,2,20.5,67.6,479.8,0.1,-0.3,0,-0.1,2.1,3.6,-2.8,0,5.08,0,0,0,0,4.7,1.6,872.2,3.61,0, 
178, eco17,12,1,-11.6,6432.7,31816,246.8,70.4,86.3,163.5,301.87,969.6,11.6,8.5,3,14953.8,3738.5,1306.4,514,13.8,1.8,6.4,0.5,79.6,188.5,1686.1,4478.5,0.4,0.1,43.4,43.4,3.8,6,0.1,0.1,0,0,2,20.6,67.8,480.1,0.1,-0.3,0,-0.1,2.1,3.6,-2.8,0,5.08,0,0,0,0,4.7,1.6,872.5,3.61,0, 
179, eco17,12,1,-12.6,6440.9,31815,248.6,70.9,87,164.2,301.53,969.9,11.7,8.5,3,14951.2,3737.8,1311.9,516.1,13.9,1.8,6.4,0.5,80,189.1,1691.6,4480.3,0.4,0.1,43.3,43.4,3.9,6,0.1,0.1,0,0,2,20.6,68,480.5,0.1,-0.3,0,-0.1,2.1,3.6,-2.9,0,5.08,0,0,0,0,4.8,1.7,872.8,3.61,0, 
180, eco17,12,1,-12.9,6449.3,31808,249.8,71.2,87.4,165,301.19,970.2,11.7,8.5,3,14948.5,3737.1,1317.5,518.1,14,1.8,6.4,0.5,80.3,189.7,1697.1,4482.2,0.4,0.1,43.3,43.4,3.9,6,0.1,0.1,0,0,2,20.7,68.1,480.9,0.1,-0.3,0,-0.1,2.2,3.6,-2.9,0,5.08,0,0,0,0,4.8,1.7,873.1,3.6,0, 
181, eco17,12,1,-13.3,6457.9,31803,251.1,71.6,87.9,165.8,300.83,970.5,11.8,8.4,3,14945.9,3736.5,1323.2,520.3,14.1,1.8,6.5,0.5,80.7,190.4,1702.8,4484,0.4,0.1,43.3,43.4,3.9,6.1,0.1,0.1,0,0,2,20.8,68.3,481.2,0.1,-0.3,0,-0.1,2.2,3.6,-2.9,0,5.08,0,0,0,0,4.8,1.7,873.4,3.6,0, 
182, eco17,12,1,-12.8,6466.5,31800,251.5,71.7,88,166.5,300.47,970.8,11.8,8.5,3,14942.9,3735.7,1329,522.4,14.1,1.8,6.5,0.5,81,191,1708.6,4485.9,0.4,0.1,43.3,43.4,3.9,6.1,0.1,0.1,0,0,2,20.8,68.6,481.6,0.1,-0.3,0,-0.1,2.2,3.6,-2.9,0,5.08,0,0,0,0,4.8,1.7,873.7,3.59,0, 
183, eco17,12,1,-13.9,6475.4,31793,253.5,72.2,88.7,167.3,300.09,971.1,11.9,8.5,3,14940.3,3735.1,1334.9,524.6,14.2,1.8,6.5,0.6,81.4,191.7,1714.5,4487.8,0.4,0.1,43.3,43.4,3.9,6.1,0.1,0.1,0,0,2,20.9,68.8,482,0.1,-0.3,0,-0.1,2.2,3.6,-2.9,0,5.08,0,0,0,0,4.9,1.7,874,3.59,0, 
184, eco17,12,1,-14.1,6484.4,31786,254.6,72.6,89.1,168.1,299.7,971.4,11.9,8.5,3,14937.7,3734.4,1340.8,526.8,14.3,1.8,6.6,0.6,81.7,192.4,1720.6,4489.7,0.4,0.1,43.3,43.3,3.9,6.1,0.1,0.1,0,0,2.1,21,69,482.3,0.1,-0.3,0,-0.1,2.2,3.6,-2.9,0,5.08,0,0,0,0,4.9,1.7,874.3,3.58,0, 
185, eco17,12,1,-13.6,6493.5,31781,255.1,72.7,89.3,168.9,299.31,971.7,11.9,8.5,3,14934.6,3733.6,1346.9,529.1,14.3,1.8,6.6,0.6,82.1,193.1,1726.8,4491.6,0.4,0.1,43.3,43.3,3.9,6.2,0.1,0.1,0,0,2.1,21,69.2,482.7,0.1,-0.3,0,-0.1,2.2,3.6,-2.9,0,5.08,0,0,0,0,4.9,1.7,874.6,3.58,0, 
186, eco17,12,1,-14.2,6502.8,31778,256.6,73.1,89.8,169.7,298.9,972,12,8.6,3,14931.6,3732.9,1353,531.4,14.4,1.9,6.6,0.6,82.4,193.8,1733,4493.5,0.4,0.1,43.3,43.3,4,6.2,0.1,0.1,0,0,2.1,21.1,69.4,483.1,0.1,-0.3,0,-0.1,2.2,3.7,-2.9,0,5.08,0,0,0,0,4.9,1.7,874.8,3.57,0, 
187, eco17,12,1,-14,6512.1,31767,257.5,73.4,90.1,170.5,298.49,972.3,12,8.5,3,14928.5,3732.1,1359.2,533.7,14.5,1.9,6.6,0.6,82.8,194.5,1739.4,4495.4,0.4,0.1,43.3,43.3,4,6.2,0.1,0.1,0,0,2.1,21.2,69.6,483.4,0.1,-0.3,0,-0.1,2.2,3.7,-3,0,5.08,0,0,0,0,5,1.7,875.1,3.57,0, 
188, eco17,12,1,-14.6,6521.6,31763,259,73.8,90.6,171.3,298.07,972.6,12.1,8.6,3,14925.5,3731.4,1365.5,536,14.5,1.9,6.7,0.6,83.2,195.2,1745.9,4497.4,0.4,0.1,43.3,43.3,4,6.3,0.1,0.1,0,0,2.1,21.3,69.9,483.8,0.1,-0.3,0,-0.1,2.2,3.7,-3,0,5.08,0,0,0,0,5,1.7,875.4,3.56,0, 
189, eco17,12,1,-14.5,6531.3,31752,259.9,74.1,90.9,172.2,297.64,972.9,12.1,8.6,3,14922.3,3730.6,1371.9,538.4,14.6,1.9,6.7,0.6,83.5,196,1752.4,4499.3,0.4,0.1,43.3,43.3,4,6.3,0.1,0.1,0,0,2.1,21.4,70.1,484.2,0.1,-0.3,0,-0.1,2.2,3.7,-3,0,5.08,0,0,0,0,5,1.7,875.7,3.56,0, 
190, eco17,12,1,-13.2,6541,31747,259.9,74.1,91.2,171.6,297.24,973.2,12.2,8.4,2.9,14918.1,3729.5,1378.3,540.8,14.7,1.9,6.7,0.6,83.9,196.7,1759.1,4501.3,0.4,0.1,43.2,43.3,4,6.3,0.1,0.1,0,0,2.1,21.4,70.3,484.6,0.1,-0.3,0,-0.1,2.2,3.7,-3,0,5.08,0,0,0,0,5,1.7,876,3.55,0, 
191, eco17,12,1,-14.3,6550.8,31741,261.7,74.6,91.6,172.4,296.8,973.5,12.2,8.4,2.9,14915.8,3728.9,1383.5,542.9,14.7,1.9,6.7,0.6,84.2,197.5,1765.9,4503.3,0.4,0.1,43.2,43.3,4,6.3,0.1,0.1,0,0,2.1,21.5,70.6,485,0.1,-0.3,0,-0.1,2.3,3.7,-3,0,5.08,0,0,0,0,5,1.7,876.2,3.55,0, 
192, eco17,12,1,-13.1,6560.4,31734,261.5,74.5,91.5,173.3,296.37,973.8,12.2,8.4,3,14912.5,3728.1,1388.9,545.1,14.8,1.9,6.7,0.6,84.5,198.2,1772.5,4505.2,0.4,0.1,43.2,43.2,4.1,6.4,0.1,0.1,0,0,2.1,21.6,70.8,485.3,0.1,-0.3,0,-0.1,2.3,3.7,-3,0,5.08,0,0,0,0,5,1.7,876.5,3.54,0, 
193, eco17,12,1,-13.4,6570.1,31730,262.7,74.9,92,174.1,295.93,974.1,12.3,8.4,2.9,14909.1,3727.3,1394.5,547.3,14.8,1.9,6.8,0.6,84.8,198.9,1779.2,4507.2,0.4,0.1,43.2,43.2,4.1,6.4,0.1,0.1,0,0,2.1,21.7,71.1,485.7,0.1,-0.3,0,-0.1,2.3,3.7,-3,0,5.08,0,0,0,0,5,1.7,876.8,3.54,0, 
194, eco17,12,1,-13,6579.8,31720,263.2,75,92,175,295.5,974.4,12.3,8.5,3,14905.3,3726.3,1400.4,549.6,14.8,1.9,6.8,0.6,85.1,199.6,1785.8,4509.2,0.4,0.1,43.2,43.2,4.1,6.4,0.1,0.1,0,0,2.1,21.7,71.3,486.1,0.1,-0.3,0,-0.1,2.3,3.8,-3.1,0,5.08,0,0,0,0,5,1.7,877.1,3.53,0, 
195, eco17,12,1,-13.8,6589.6,31711,264.9,75.5,92.7,175.8,295.05,974.7,12.3,8.6,3,14901.6,3725.4,1406.4,551.9,14.9,1.9,6.8,0.6,85.4,200.4,1792.6,4511.2,0.4,0.1,43.2,43.2,4.1,6.4,0.1,0.1,0,0,2.1,21.8,71.6,486.5,0.1,-0.3,0,-0.1,2.3,3.8,-3.1,0,5.08,0,0,0,0,5.1,1.8,877.4,3.53,0, 
196, eco17,12,1,-13.4,6599.5,31701,265.6,75.7,92.9,176.7,294.6,975,12.4,8.7,3,14897.5,3724.4,1412.5,554.2,15,1.9,6.8,0.6,85.8,201.1,1799.3,4513.2,0.4,0.1,43.2,43.2,4.1,6.5,0.1,0.1,0,0,2.1,21.9,71.8,486.9,0.1,-0.3,0,-0.1,2.3,3.8,-3.1,0,5.08,0,0,0,0,5.1,1.8,877.6,3.52,0, 
197, eco17,12,1,-13.4,6609.4,31693,266.6,76,93.2,177.6,294.15,975.3,12.4,8.7,3.1,14893.2,3723.3,1418.8,556.6,15,1.9,6.8,0.6,86.1,201.9,1806.1,4515.3,0.4,0.1,43.2,43.2,4.1,6.5,0.1,0.1,0,0,2.2,22,72.1,487.3,0.1,-0.3,0,-0.1,2.3,3.8,-3.1,0,5.08,0,0,0,0,5.1,1.8,877.9,3.52,0, 
198, eco17,12,1,-13.2,6619.5,31684,267.5,76.2,93.6,178.5,293.71,975.6,12.5,8.7,3.1,14888.6,3722.1,1425.2,559.1,15.1,1.9,6.8,0.6,86.4,202.7,1813,4517.3,0.4,0.1,43.2,43.1,4.2,6.5,0.1,0.1,0,0,2.2,22.1,72.3,487.7,0.1,-0.3,0,-0.1,2.3,3.8,-3.1,0,5.08,0,0,0,0,5.1,1.8,878.2,3.51,0, 
199, eco17,12,1,-12.4,6629.4,31673,267.6,76.3,93.5,179.4,293.28,976,12.5,8.9,3.1,14883.2,3720.8,1431.8,561.5,15.1,1.9,6.8,0.6,86.7,203.4,1819.8,4519.4,0.4,0.1,43.1,43.1,4.2,6.5,0.1,0.1,0,0,2.2,22.1,72.6,488.1,0.1,-0.3,0,-0.1,2.3,3.8,-3.1,0,5.08,0,0,0,0,5.1,1.8,878.5,3.51,0, 
200, eco17,12,1,-13.7,6639.6,31660,269.9,76.9,94.4,180.3,292.82,976.3,12.6,9,3.1,14878.3,3719.6,1438.4,564.1,15.2,1.9,6.9,0.6,87.2,204.2,1826.8,4521.4,0.4,0.1,43.1,43.1,4.2,6.6,0.1,0.1,0,0,2.2,22.2,72.9,488.5,0.1,-0.3,0,-0.1,2.3,3.8,-3.1,0,5.08,0,0,0,0,5.2,1.8,878.8,3.5,0, 
201, eco17,12,1,-14.3,6650.1,31654,271.6,77.4,95,181.2,292.35,976.6,12.6,9,3.2,14873.7,3718.4,1445.2,566.6,15.3,2,6.9,0.6,87.6,205,1834,4523.5,0.4,0.1,43.1,43.1,4.2,6.6,0.1,0.1,0,0,2.2,22.3,73.1,488.9,0.1,-0.3,0,-0.1,2.3,3.8,-3.2,0,5.08,0,0,0,0,5.2,1.8,879.1,3.5,0, 
202, eco17,12,1,-14.7,6660.8,31643,273.2,77.9,95.6,182.1,291.87,976.9,12.7,9.1,3.2,14869.1,3717.3,1452.1,569.2,15.4,2,7,0.6,88,205.9,1841.4,4525.6,0.4,0.1,43.1,43.1,4.2,6.6,0.1,0.1,0,0,2.2,22.4,73.4,489.3,0.1,-0.3,0,-0.1,2.3,3.9,-3.2,0,5.08,0,0,0,0,5.2,1.8,879.4,3.49,0, 
203, eco17,12,1,-14.8,6671.7,31633,274.4,78.2,96,183.1,291.39,977.2,12.7,9.1,3.2,14864.4,3716.1,1459.2,571.9,15.5,2,7,0.6,88.4,206.7,1848.8,4527.7,0.4,0.1,43.1,43.1,4.2,6.7,0.1,0.1,0,0,2.2,22.5,73.7,489.7,0.1,-0.3,0,-0.1,2.4,3.9,-3.2,0,5.08,0,0,0,0,5.2,1.8,879.7,3.48,0, 
204, eco17,12,1,-15.4,6682.7,31624,276.1,78.7,96.5,184,290.9,977.6,12.8,9.2,3.2,14859.9,3715,1466.3,574.6,15.5,2,7,0.6,88.9,207.6,1856.4,4529.8,0.4,0.1,43.1,43,4.3,6.7,0.1,0.1,0,0,2.2,22.6,74,490.1,0.1,-0.3,0,-0.1,2.4,3.9,-3.2,0,5.08,0,0,0,0,5.3,1.8,880,3.48,0, 
205, eco17,12,1,-16.3,6694,31616,278.1,79.3,97.3,185,290.39,977.9,12.9,9.3,3.2,14855.6,3713.9,1473.6,577.3,15.7,2,7.1,0.6,89.4,208.5,1864.2,4531.9,0.4,0.1,43.1,43,4.3,6.7,0.1,0.1,0,0,2.2,22.7,74.3,490.5,0.1,-0.3,0,-0.1,2.4,3.9,-3.2,0,5.08,0,0,0,0,5.3,1.8,880.3,3.47,0, 
206, eco17,12,1,-15.5,6705.3,31603,278.6,79.4,97.4,186,289.89,978.2,12.9,9.3,3.3,14850.7,3712.7,1481.1,580.1,15.7,2,7.1,0.6,89.8,209.3,1872.1,4534.1,0.4,0.1,43,43,4.3,6.8,0.1,0.1,0,0,2.3,22.8,74.5,490.9,0.1,-0.3,0,-0.1,2.4,3.9,-3.2,0,5.08,0,0,0,0,5.3,1.8,880.6,3.47,0, 
207, eco17,12,1,-15.8,6716.7,31596,280.1,79.8,97.9,187,289.38,978.5,13,9.5,3.3,14845.8,3711.4,1488.6,582.9,15.8,2,7.1,0.6,90.2,210.2,1880.1,4536.2,0.4,0.1,43,43,4.3,6.8,0.1,0.1,0,0,2.3,22.9,74.8,491.3,0.1,-0.3,0,-0.1,2.4,3.9,-3.2,0,5.08,0,0,0,0,5.3,1.9,880.9,3.46,0, 
208, eco17,12,1,-15.8,6728.3,31582,281.3,80.2,98.4,188.1,288.87,978.9,13,9.5,3.3,14840.5,3710.1,1496.3,585.8,15.8,2,7.1,0.6,90.6,211.1,1888.2,4538.4,0.4,0.1,43,43,4.4,6.8,0.1,0.1,0,0,2.3,23,75.1,491.7,0.1,-0.4,0,-0.1,2.4,4,-3.3,0,5.08,0,0,0,0,5.4,1.9,881.2,3.45,0, 
209, eco17,12,1,-14.4,6739.7,31570,281.2,80.2,98.3,189.1,288.38,979.2,13.1,9.6,3.4,14834.3,3708.6,1504.1,588.7,15.8,2,7.1,0.6,91,212,1896.2,4540.5,0.4,0.1,43,42.9,4.4,6.9,0.1,0.1,0,0,2.3,23.1,75.4,492.2,0.1,-0.4,0,-0.1,2.4,4,-3.3,0,5.08,0,0,0,0,5.4,1.9,881.6,3.45,0, 
210, eco17,12,1,-14.1,6751.2,31554,282.2,80.4,98.6,190.1,287.89,979.6,13.1,9.8,3.4,14827.5,3706.9,1511.9,591.6,15.9,2,7.1,0.6,91.3,212.9,1904.2,4542.7,0.4,0.1,43,42.9,4.4,6.9,0.1,0.1,0,0,2.3,23.2,75.7,492.6,0.1,-0.4,0,-0.1,2.4,4,-3.3,0,5.08,0,0,0,0,5.4,1.9,881.9,3.44,0, 
211, eco17,12,1,-15.9,6763.1,31545,285.1,81.2,99.7,191.2,287.37,979.9,13.2,9.9,3.4,14821.6,3705.4,1520,594.6,16,2,7.2,0.6,91.9,213.8,1912.5,4544.9,0.4,0.1,43,42.9,4.4,6.9,0.1,0.1,0,0,2.3,23.3,76,493,0.1,-0.4,0,-0.1,2.4,4,-3.3,0,5.08,0,0,0,0,5.4,1.9,882.2,3.43,0, 
212, eco17,12,1,-17,6775.4,31532,287.4,81.9,100.6,192.3,286.83,980.3,13.2,9.9,3.5,14816.2,3704,1528.1,597.6,16.1,2.1,7.2,0.6,92.4,214.8,1921.1,4547.1,0.4,0.1,42.9,42.9,4.4,7,0.1,0.1,0,0,2.3,23.4,76.4,493.4,0.1,-0.4,0,-0.1,2.5,4,-3.3,0,5.08,0,0,0,0,5.5,1.9,882.5,3.43,0, 
213, eco17,12,1,-17.6,6788,31520,289.4,82.5,101.3,193.4,286.27,980.6,13.3,9.9,3.5,14810.9,3702.7,1536.4,600.7,16.3,2.1,7.3,0.6,93,215.8,1929.9,4549.4,0.4,0.1,42.9,42.9,4.5,7,0.1,0.1,0,0,2.3,23.5,76.7,493.8,0.1,-0.4,0,-0.1,2.5,4,-3.3,0,5.08,0,0,0,0,5.5,1.9,882.9,3.42,0, 
214, eco17,12,1,-17.8,6800.7,31508,291,82.9,101.8,194.5,285.7,980.9,13.4,10,3.5,14805.5,3701.4,1544.8,603.9,16.4,2.1,7.3,0.6,93.5,216.8,1938.8,4551.6,0.4,0.1,42.9,42.8,4.5,7,0.1,0.1,0,0,2.3,23.6,77,494.3,0.1,-0.4,0,-0.1,2.5,4.1,-3.4,0,5.08,0,0,0,0,5.5,1.9,883.2,3.41,0, 
215, eco17,12,1,-17.6,6813.6,31499,292.3,83.3,102.2,195.7,285.13,981.3,13.4,10.1,3.5,14799.8,3700,1553.4,607,16.4,2.1,7.4,0.6,94,217.8,1947.9,4553.9,0.4,0.1,42.9,42.8,4.5,7.1,0.1,0.1,0,0,2.4,23.7,77.3,494.7,0.1,-0.4,0,-0.1,2.5,4.1,-3.4,0,5.08,0,0,0,0,5.6,1.9,883.5,3.41,0, 
216, eco17,12,1,-18.3,6826.6,31488,294.2,83.9,102.9,196.8,284.54,981.6,13.5,10.1,3.5,14794.2,3698.6,1562.1,610.3,16.5,2.1,7.4,0.6,94.5,218.9,1957.1,4556.1,0.4,0.1,42.9,42.8,4.5,7.1,0.1,0.1,0,0,2.4,23.8,77.7,495.1,0.1,-0.4,0,-0.1,2.5,4.1,-3.4,0,5.08,0,0,0,0,5.6,1.9,883.8,3.4,0, 
217, eco17,12,1,-19,6840,31475,296.4,84.5,103.7,198,283.93,981.9,13.6,10.2,3.6,14788.9,3697.2,1570.9,613.5,16.6,2.1,7.5,0.6,95,220,1966.5,4558.4,0.4,0.1,42.9,42.8,4.6,7.1,0.1,0.1,0,0,2.4,23.9,78,495.6,0.1,-0.4,0,-0.1,2.5,4.1,-3.4,0,5.08,0,0,0,0,5.6,2,884.1,3.39,0, 
218, eco17,12,1,-18.8,6853.4,31462,297.6,84.8,104.1,199.2,283.32,982.3,13.6,10.3,3.6,14783.2,3695.8,1579.8,616.9,16.7,2.1,7.5,0.6,95.6,221,1976.1,4560.7,0.4,0.1,42.8,42.8,4.6,7.2,0.1,0.1,0,0,2.4,24,78.4,496,0.1,-0.4,0,-0.1,2.6,4.1,-3.4,0,5.08,0,0,0,0,5.7,2,884.4,3.39,0, 
219, eco17,12,1,-18.8,6867,31452,299.1,85.2,104.6,200.4,282.7,982.6,13.7,10.3,3.6,14777.3,3694.3,1588.9,620.2,16.8,2.1,7.6,0.6,96.1,222.1,1985.7,4563,0.4,0.1,42.8,42.7,4.6,7.2,0.1,0.1,0,0,2.4,24.1,78.7,496.4,0.1,-0.4,0,-0.1,2.6,4.1,-3.5,0,5.08,0,0,0,0,5.7,2,884.7,3.38,0, 
220, eco17,12,1,-17,6880.4,31435,298.9,85.2,104.6,201.5,282.11,983,13.8,10.4,3.6,14770,3692.5,1598,623.6,16.8,2.1,7.6,0.6,96.5,223.2,1995.4,4565.4,0.4,0.1,42.8,42.7,4.6,7.3,0.1,0.1,0,0,2.4,24.2,79.1,496.9,0.1,-0.4,0,-0.1,2.6,4.2,-3.5,0,5.08,0,0,0,0,5.7,2,885,3.37,0, 
221, eco17,12,1,-18.4,6894.1,31420,301.6,86,105.5,202.7,281.48,983.3,13.8,10.5,3.7,14763.3,3690.8,1607.3,627.1,16.9,2.2,7.6,0.6,97,224.2,2005.1,4567.7,0.5,0.1,42.8,42.7,4.7,7.3,0.1,0.1,0,0,2.4,24.4,79.4,497.3,0.1,-0.4,0,-0.2,2.6,4.2,-3.5,0,5.08,0,0,0,0,5.7,2,885.3,3.36,0, 
222, eco17,12,1,-19,6908.1,31405,303.7,86.5,106.2,204,280.84,983.6,13.9,10.5,3.7,14756.8,3689.2,1616.7,630.6,17,2.2,7.7,0.6,97.6,225.4,2015.1,4570.1,0.5,0.1,42.8,42.7,4.7,7.3,0.1,0.1,0,0,2.4,24.5,79.8,497.8,0.1,-0.4,0,-0.2,2.6,4.2,-3.5,0,5.08,0,0,0,0,5.8,2,885.6,3.36,0, 
223, eco17,12,1,-19.7,6922.5,31391,306,87.2,107,205.2,280.18,984,14,10.6,3.7,14750.5,3687.6,1626.2,634.1,17.1,2.2,7.7,0.6,98.2,226.5,2025.3,4572.4,0.5,0.1,42.8,42.6,4.7,7.4,0.1,0.1,0,0,2.5,24.6,80.2,498.2,0.1,-0.4,0,-0.2,2.6,4.2,-3.5,0,5.08,0,0,0,0,5.8,2,886,3.35,0, 
224, eco17,12,1,-20.2,6937,31381,308.1,87.8,107.8,206.4,279.5,984.3,14.1,10.6,3.7,14744.3,3686.1,1635.8,637.7,17.3,2.2,7.8,0.7,98.8,227.7,2035.7,4574.8,0.5,0.1,42.7,42.6,4.8,7.4,0.1,0.1,0,0,2.5,24.7,80.6,498.7,0.1,-0.4,0,-0.2,2.6,4.2,-3.6,0,5.08,0,0,0,0,5.9,2,886.3,3.34,0, 
225, eco17,12,1,-18.8,6951.5,31367,308.3,87.9,107.8,207.7,278.84,984.6,14.1,10.6,3.7,14737,3684.2,1645.5,641.3,17.3,2.2,7.8,0.7,99.3,228.9,2046,4577.3,0.5,0.1,42.7,42.6,4.8,7.5,0.1,0.1,0,0,2.5,24.9,80.9,499.1,0.1,-0.4,0,-0.2,2.7,4.3,-3.6,0,5.08,0,0,0,0,5.9,2,886.6,3.33,0, 
226, eco17,12,1,-17.4,6965.8,31347,308.5,87.9,107.9,208.9,278.2,985,14.2,10.7,3.8,14728.6,3682.1,1655.3,644.9,17.3,2.2,7.8,0.7,99.8,230,2056.3,4579.7,0.5,0.1,42.7,42.6,4.8,7.5,0.1,0.1,0,0,2.5,25,81.3,499.6,0.1,-0.4,0,-0.2,2.7,4.3,-3.6,0,5.08,0,0,0,0,5.9,2,886.9,3.32,0, 
227, eco17,12,1,-16.7,6980.1,31330,309.3,88.2,108.2,210.1,277.57,985.4,14.2,10.8,3.8,14719.5,3679.9,1665.1,648.6,17.4,2.2,7.8,0.7,100.3,231.1,2066.6,4582.1,0.5,0.1,42.7,42.5,4.8,7.5,0.1,0.1,0,0,2.5,25.1,81.7,500.1,0.1,-0.4,0,-0.2,2.7,4.3,-3.6,0,5.08,0,0,0,0,5.9,2,887.2,3.32,0, 
228, eco17,12,1,-17.5,6994.7,31307,311.6,88.8,108.9,211.4,276.93,985.7,14.3,11,3.8,14710.6,3677.7,1675,652.3,17.5,2.2,7.9,0.7,100.8,232.3,2077,4584.6,0.5,0.1,42.6,42.5,4.9,7.6,0.1,0.1,0,0,2.5,25.2,82.1,500.5,0.1,-0.4,0,-0.2,2.7,4.3,-3.6,0,5.08,0,0,0,0,5.9,2.1,887.6,3.31,0, 
229, eco17,12,1,-17.6,7009.5,31291,313.3,89.3,109.6,212.6,276.27,986.1,14.4,11.1,3.9,14701.6,3675.4,1685,656.1,17.6,2.3,7.9,0.7,101.4,233.5,2087.6,4587.1,0.5,0.1,42.6,42.5,4.9,7.6,0.1,0.1,0,0,2.5,25.3,82.5,501,0.1,-0.4,0,-0.2,2.7,4.3,-3.7,0,5.08,0,0,0,0,5.9,2.1,887.9,3.3,0, 
230, eco17,12,1,-14.7,7023.9,31268,312.2,89,109,213.9,275.68,986.5,14.4,11.3,4,14690.7,3672.7,1695.1,659.9,17.5,2.2,7.8,0.7,101.8,234.6,2098,4589.5,0.5,0.1,42.6,42.4,4.9,7.7,0.1,0.1,0,0,2.5,25.5,82.9,501.5,0.1,-0.4,0,-0.2,2.7,4.4,-3.7,0,5.08,0,0,0,0,5.9,2.1,888.3,3.29,0, 
231, eco17,12,1,-16.6,7038.7,31248,315.4,89.9,110.2,215.1,275.05,986.9,14.5,11.5,4,14680.6,3670.1,1705.1,663.7,17.7,2.3,7.9,0.7,102.3,235.8,2108.5,4592.1,0.5,0.1,42.6,42.4,5,7.7,0.1,0.1,0,0,2.5,25.6,83.3,501.9,0.1,-0.4,0,-0.2,2.7,4.4,-3.7,0,5.08,0,0,0,0,6,2.1,888.7,3.29,0, 
232, eco17,12,1,-18.5,7054.1,31228,318.9,90.9,111.4,216.4,274.4,987.3,14.6,11.7,4.1,14671.5,3667.9,1715.3,667.5,17.8,2.3,7.9,0.7,103,237,2119.5,4594.6,0.5,0.1,42.5,42.4,5,7.8,0.1,0.1,0,0,2.6,25.7,83.7,502.4,0.1,-0.4,0,-0.2,2.7,4.4,-3.7,0,5.08,0,0,0,0,6,2.1,889.1,3.28,0, 
233, eco17,12,1,-19.7,7069.8,31213,321.8,91.7,112.4,217.6,273.72,987.7,14.7,11.9,4.2,14663,3665.8,1725.5,671.3,18,2.3,8,0.7,103.7,238.3,2130.7,4597.1,0.5,0.1,42.5,42.3,5,7.8,0.1,0.1,0,0,2.6,25.9,84.1,502.9,0.1,-0.4,0,-0.2,2.8,4.4,-3.7,0,5.08,0,0,0,0,6.1,2.1,889.5,3.27,0, 
234, eco17,12,1,-21.1,7086,31194,324.9,92.6,113.5,218.9,273.03,988.1,14.8,12.1,4.2,14655.3,3663.8,1735.7,675.2,18.1,2.3,8,0.7,104.4,239.6,2142.3,4599.7,0.5,0.1,42.5,42.3,5,7.8,0.1,0.1,0,0,2.6,26,84.6,503.4,0.1,-0.4,0,-0.2,2.8,4.4,-3.8,0,5.08,0,0,0,0,6.1,2.1,889.9,3.26,0, 
235, eco17,12,1,-23.3,7102.6,31184,328.8,93.7,115,220.1,272.3,988.5,14.9,12.2,4.3,14648.9,3662.2,1746,679.1,18.4,2.3,8.1,0.7,105.2,241,2154.2,4602.3,0.5,0.1,42.5,42.3,5.1,7.9,0.1,0.1,0,0,2.6,26.1,85,503.9,0.1,-0.4,0,-0.2,2.8,4.5,-3.8,0,5.08,0,0,0,0,6.2,2.2,890.2,3.25,0, 
236, eco17,12,1,-24.4,7119.7,31168,331.8,94.6,116,221.4,271.54,988.9,15,12.3,4.3,14643.2,3660.8,1756.3,683,18.5,2.3,8.2,0.7,105.9,242.4,2166.5,4604.9,0.5,0.1,42.4,42.3,5.1,7.9,0.1,0.1,0,0,2.7,26.3,85.4,504.3,0.1,-0.4,0,-0.2,2.8,4.5,-3.8,0,5.08,0,0,0,0,6.2,2.2,890.6,3.24,0, 
237, eco17,12,1,-24.7,7136.9,31156,333.9,95.2,116.8,222.6,270.78,989.3,15.1,12.4,4.3,14637.6,3659.4,1766.6,686.9,18.7,2.4,8.2,0.7,106.6,243.8,2179,4607.5,0.5,0.1,42.4,42.2,5.1,8,0.1,0.1,0,0,2.7,26.4,85.9,504.8,0.1,-0.4,0,-0.2,2.9,4.5,-3.8,0,5.08,0,0,0,0,6.3,2.2,890.9,3.23,0, 
238, eco17,12,1,-25.5,7154.3,31146,336.5,95.9,117.7,223.9,270,989.7,15.2,12.4,4.3,14632.4,3658.1,1777,690.9,18.8,2.4,8.2,0.7,107.2,245.2,2191.7,4610.1,0.5,0.1,42.4,42.2,5.2,8,0.1,0.1,0,0,2.7,26.6,86.4,505.3,0.1,-0.4,0.1,-0.2,2.9,4.5,-3.9,0,5.08,0,0,0,0,6.3,2.2,891.3,3.22,0, 
239, eco17,12,1,-26.3,7171.9,31135,339.1,96.6,118.7,225.1,269.19,990.1,15.3,12.4,4.3,14627.7,3656.9,1787.3,694.8,18.9,2.4,8.3,0.7,107.9,246.7,2204.5,4612.8,0.5,0.1,42.4,42.2,5.2,8.1,0.1,0.1,0,0,2.7,26.7,86.8,505.8,0.1,-0.4,0.1,-0.2,2.9,4.6,-3.9,0,5.08,0,0,0,0,6.4,2.2,891.6,3.21,0, 
240, eco17,12,1,-25.2,7189.7,31127,340.2,97,119.5,224.6,268.38,990.5,15.4,12,4.2,14622.5,3655.6,1797.6,698.8,19.1,2.4,8.4,0.7,108.5,248.2,2217.5,4615.5,0.5,0.1,42.4,42.2,5.2,8.1,0.1,0.1,0,0,2.7,26.9,87.3,506.3,0.1,-0.4,0.1,-0.2,2.9,4.6,-3.9,0,5.08,0,0,0,0,6.4,2.2,892,3.2,0, 
241, eco17,12,1,-25.8,7207.3,31119,342.2,97.5,119.9,225.8,267.55,990.8,15.4,11.9,4.2,14619,3654.8,1806.4,702.3,19.2,2.4,8.4,0.7,109.1,249.6,2230.5,4618.2,0.5,0.1,42.4,42.2,5.2,8.2,0.1,0.1,0,0,2.8,27,87.8,506.8,0.1,-0.4,0.1,-0.2,2.9,4.6,-3.9,0,5.08,0,0,0,0,6.5,2.2,892.3,3.19,0, 
242, eco17,12,1,-26,7224.9,31110,344.1,98.1,120.5,227.1,266.7,991.2,15.5,11.9,4.2,14615.6,3653.9,1815.3,705.9,19.4,2.4,8.4,0.7,109.6,251,2243.4,4620.9,0.5,0.1,42.4,42.1,5.3,8.2,0.1,0.1,0,0,2.8,27.2,88.3,507.3,0.1,-0.4,0.1,-0.2,3,4.6,-4,0,5.08,0,0,0,0,6.5,2.2,892.6,3.18,0, 
243, eco17,12,1,-26.4,7242.6,31102,346.2,98.7,121.2,228.3,265.83,991.5,15.6,11.9,4.2,14612.3,3653.1,1824.4,709.5,19.5,2.4,8.5,0.7,110.2,252.5,2256.3,4623.7,0.5,0.1,42.4,42.1,5.3,8.2,0.1,0.1,0,0,2.8,27.4,88.8,507.8,0.1,-0.4,0.1,-0.2,3,4.7,-4,0,5.08,0,0,0,0,6.6,2.3,892.9,3.17,0, 
244, eco17,12,1,-26.1,7260.2,31097,347.7,99.1,121.8,229.5,264.96,991.9,15.7,11.8,4.1,14608.8,3652.2,1833.7,713.2,19.6,2.5,8.5,0.7,110.7,253.9,2269.2,4626.4,0.5,0.1,42.3,42.1,5.3,8.3,0.1,0.1,0,0,2.8,27.5,89.3,508.4,0.1,-0.4,0.1,-0.2,3,4.7,-4,0,5.08,0,0,0,0,6.6,2.3,893.2,3.16,0, 
245, eco17,12,1,-25.9,7277.8,31088,349.2,99.5,122.3,230.7,264.08,992.2,15.8,11.6,4.1,14605,3651.2,1843,716.9,19.7,2.5,8.6,0.7,111.3,255.3,2282,4629.2,0.5,0.1,42.3,42.1,5.4,8.3,0.1,0.1,0,0,2.8,27.7,89.8,508.9,0.1,-0.4,0.1,-0.2,3,4.7,-4,0,5.08,0,0,0,0,6.6,2.3,893.5,3.15,0, 
246, eco17,12,1,-25.5,7295.3,31079,350.5,99.9,122.8,232,263.19,992.5,15.8,11.5,4,14600.8,3650.2,1852.5,720.6,19.8,2.5,8.6,0.7,111.8,256.7,2294.8,4632,0.5,0.1,42.3,42.1,5.4,8.4,0.1,0.1,0,0,2.8,27.8,90.3,509.4,0.1,-0.4,0.1,-0.2,3,4.8,-4.1,0,5.08,0,0,0,0,6.7,2.3,893.8,3.14,0, 
247, eco17,12,1,-25.5,7312.8,31070,352.1,100.4,123.3,233.2,262.29,992.9,15.9,11.5,4,14596.5,3649.1,1862.1,724.3,19.9,2.5,8.6,0.7,112.3,258.1,2307.5,4634.9,0.5,0.1,42.3,42.1,5.4,8.4,0.1,0.1,0,0,2.8,28,90.8,509.9,0.1,-0.4,0.1,-0.2,3,4.8,-4.1,0,5.08,0,0,0,0,6.7,2.3,894.1,3.13,0, 
248, eco17,12,1,-24.7,7330.2,31058,353.2,100.7,123.8,234.4,261.4,993.2,16,11.3,4,14591.6,3647.9,1871.8,728.1,20,2.5,8.7,0.7,112.9,259.5,2320.1,4637.7,0.5,0.1,42.3,42,5.4,8.4,0.1,0.1,0,0,2.9,28.1,91.3,510.5,0.1,-0.4,0.1,-0.2,3,4.8,-4.1,0,5.08,0,0,0,0,6.7,2.3,894.4,3.12,0, 
249, eco17,12,1,-24,7347.5,31045,354.2,100.9,124.1,235.7,260.5,993.5,16.1,11.2,3.9,14586.2,3646.5,1881.6,731.9,20.1,2.5,8.7,0.7,113.4,260.9,2332.7,4640.6,0.5,0.1,42.3,42,5.5,8.5,0.1,0.1,0,0,2.9,28.3,91.8,511,0.1,-0.4,0.1,-0.2,3.1,4.8,-4.1,0,5.08,0,0,0,0,6.8,2.3,894.7,3.11,0, 
250, eco17,12,1,-18.6,7364.5,31027,351.3,100.1,123.7,232.8,259.67,993.9,16.1,10.4,3.7,14577.5,3644.4,1891.3,735.7,20.1,2.5,8.7,0.7,113.8,262.2,2345,4643.5,0.4,0.1,42.3,42,5.5,8.5,0.1,0.1,0,0,2.9,28.4,92.3,511.5,0.1,-0.4,0.1,-0.2,3.1,4.9,-4.2,0,5.08,0,0,0,0,6.7,2.3,895.1,3.1,0, 
251, eco17,12,1,-17.8,7380.5,31016,351.3,100.1,123,234.1,258.84,994.2,16.2,10.4,3.6,14571.8,3643,1897.4,738.5,20.1,2.5,8.6,0.7,114,263.5,2356.7,4646.4,0.4,0.1,42.2,42,5.5,8.6,0.1,0.1,0,0,2.9,28.6,92.8,512.1,0.1,-0.4,0.1,-0.2,3.1,4.9,-4.2,0,5.08,0,0,0,0,6.7,2.3,895.4,3.09,0, 
252, eco17,12,1,-14.7,7395.8,30999,349.6,99.6,122.3,235.3,258.05,994.5,16.2,10.4,3.6,14563.7,3640.9,1904.1,741.5,20.1,2.5,8.6,0.7,114.2,264.6,2367.8,4649.3,0.4,0.1,42.2,41.9,5.5,8.6,0.1,0.1,0,0,2.8,28.7,93.2,512.6,0.1,-0.4,0.1,-0.2,3,4.9,-4.2,0,5.08,0,0,0,0,6.7,2.3,895.8,3.08,0, 
253, eco17,12,1,-1.6,7408.6,30962,338.1,96.4,117.9,236.5,257.54,995,16.1,10.8,3.8,14547,3636.7,1911.1,744.5,19.6,2.5,8.3,0.7,113.7,265.5,2377.2,4652.2,0.5,0.1,42.2,41.9,5.6,8.6,0.1,0.1,0,0,2.8,28.8,93.7,513.1,0.1,-0.4,0.1,-0.2,3,4.9,-4.2,0,5.08,0,0,0,0,6.4,2.2,896.3,3.07,0, 
254, eco17,12,1,1.4,7420.6,30923,335.9,95.7,117.1,237.8,257.09,995.6,16.1,11.3,3.9,14527.6,3631.9,1918.6,747.6,19.4,2.5,8.2,0.7,113.6,266.2,2385.6,4655.2,0.5,0.1,42.1,41.8,5.6,8.7,0.1,0.1,0,0,2.8,28.9,94.1,513.7,0.1,-0.4,0.1,-0.2,3,4.9,-4.2,0,5.08,0,0,0,0,6.3,2.1,896.9,3.07,0, 
255, eco17,12,1,6.7,7431.7,30876,331.7,94.5,115.4,239,256.76,996.2,16.1,11.9,4.2,14504.2,3626,1926.4,750.8,19.2,2.4,8,0.7,113.4,266.9,2393.3,4658.1,0.5,0.1,42,41.7,5.6,8.7,0.1,0.1,0,0,2.7,29,94.5,514.2,0.1,-0.4,0.1,-0.2,2.9,5,-4.2,0,5.08,0,0,0,0,6.2,2.1,897.5,3.06,0, 
256, eco17,12,1,-20.1,7447.7,30858,357.9,102,125.2,240.4,255.93,996.6,16.4,12,4.2,14496.4,3624.1,1934.7,754,20.4,2.6,8.7,0.8,115.2,268.3,2403.1,4661.1,0.5,0.1,42,41.7,5.6,8.7,0.1,0.1,0,0,2.9,29.1,94.9,514.8,0.1,-0.4,0.1,-0.2,3,5,-4.2,0,5.08,0,0,0,0,6.8,2.3,897.9,3.05,0, 
257, eco17,12,1,8.1,7459.5,30808,334,95.2,116.2,241.7,255.7,997.3,16.3,12.6,4.4,14471.8,3617.9,1943.3,757.4,19.4,2.4,8.1,0.7,114.6,269.1,2411.7,4664.1,0.5,0.1,41.9,41.6,5.6,8.8,0.1,0.1,0,0,2.8,29.2,95.4,515.3,0.1,-0.4,0.1,-0.2,3,5,-4.2,0,5.08,0,0,0,0,6.2,2.1,898.7,3.05,0, 
258, eco17,12,1,-9.4,7473.8,30776,350.7,99.9,122.5,243.1,255.13,997.8,16.4,12.9,4.5,14456.6,3614.2,1952.3,760.9,20,2.6,8.4,0.7,115.6,270.2,2421,4667.1,0.6,0.1,41.9,41.6,5.7,8.8,0.1,0.1,0,0,2.8,29.3,95.8,515.9,0.1,-0.4,0.1,-0.2,3,5,-4.2,0,5.08,0,0,0,0,6.6,2.2,899.2,3.04,0, 
259, eco17,12,1,-8.7,7488.5,30742,352.1,100.4,122.9,244.6,254.61,998.4,16.5,13.2,4.6,14440.9,3610.2,1961.7,764.4,20.2,2.5,8.4,0.7,116.3,271.4,2430.8,4670.1,0.6,0.1,41.9,41.5,5.7,8.9,0.1,0.1,0,0,2.9,29.4,96.2,516.4,0.1,-0.4,0.1,-0.2,3,5,-4.3,0,5.08,0,0,0,0,6.6,2.2,899.8,3.04,0, 
260, eco17,12,1,-13.4,7504.3,30715,358.2,102.1,125.2,246.1,254.02,999,16.6,13.4,4.7,14427.6,3606.9,1971.5,768.1,20.5,2.6,8.6,0.7,117.1,272.6,2441.4,4673.1,0.6,0.1,41.8,41.5,5.7,8.9,0.1,0.1,0,0,2.9,29.5,96.6,517,0.1,-0.4,0.1,-0.2,3.1,5,-4.3,0,5.08,0,0,0,0,6.7,2.3,900.4,3.03,0, 
261, eco17,12,1,-14.7,7520.5,30689,361.4,103,126.4,247.7,253.42,999.5,16.8,13.5,4.7,14414.8,3603.7,1981.7,771.9,20.7,2.6,8.6,0.7,117.9,274,2452.5,4676.2,0.6,0.1,41.8,41.4,5.8,8.9,0.1,0.1,0,0,2.9,29.7,97,517.6,0.1,-0.4,0.1,-0.2,3.1,5.1,-4.3,0,5.08,0,0,0,0,6.7,2.3,901,3.02,0, 
262, eco17,12,1,-16,7537.2,30661,364.4,103.9,127.5,249.3,252.79,1000.1,16.9,13.6,4.8,14402.5,3600.6,1992.2,775.7,20.9,2.6,8.7,0.7,118.7,275.3,2464,4679.3,0.6,0.1,41.7,41.4,5.8,9,0.1,0.1,0,0,3,29.8,97.5,518.1,0.1,-0.4,0.1,-0.2,3.1,5.1,-4.3,0,5.08,0,0,0,0,6.8,2.3,901.5,3.01,0, 
263, eco17,12,1,-16,7554,30634,366.3,104.4,128.1,250.9,252.17,1000.6,16.9,13.7,4.8,14389.7,3597.4,2003.1,779.7,21.1,2.7,8.7,0.7,119.3,276.6,2475.7,4682.3,0.6,0.1,41.7,41.3,5.8,9,0.1,0.1,0,0,3,30,97.9,518.7,0.1,-0.4,0.1,-0.2,3.2,5.1,-4.3,0,5.08,0,0,0,0,6.8,2.3,902.1,3.01,0, 
264, eco17,12,1,-15,7570.8,30607,367.1,104.6,128.4,252.5,251.56,1001.2,17,13.8,4.8,14375.8,3593.9,2014.4,783.8,21.2,2.7,8.8,0.7,119.9,277.9,2487.4,4685.4,0.6,0.1,41.7,41.3,5.9,9.1,0.1,0.1,0,0,3,30.1,98.4,519.3,0.1,-0.4,0.1,-0.2,3.2,5.1,-4.4,0,5.08,0,0,0,0,6.8,2.3,902.6,3,0, 
265, eco17,12,1,-13,7587.3,30571,366.9,104.6,128.3,254.1,250.99,1001.8,17.1,13.9,4.9,14360.2,3590,2025.9,788,21.2,2.7,8.8,0.7,120.4,279.2,2499.1,4688.6,0.6,0.1,41.6,41.2,5.9,9.1,0.1,0.1,0,0,3,30.2,98.8,519.8,0.1,-0.4,0.1,-0.2,3.2,5.1,-4.4,0,5.08,0,0,0,0,6.8,2.3,903.2,2.99,0, 
266, eco17,12,1,-4.1,7602.4,30526,360.1,102.6,125.7,255.8,250.57,1002.4,17,14.3,5,14338.4,3584.6,2037.7,792.3,21,2.7,8.7,0.7,120.6,280.3,2509.8,4691.7,0.6,0.1,41.6,41.1,5.9,9.2,0.1,0.1,0,0,3,30.3,99.3,520.4,0.1,-0.4,0.1,-0.2,3.2,5.2,-4.4,0,5.08,0,0,0,0,6.6,2.3,903.9,2.99,0, 
267, eco17,12,1,25,7612.3,30444,333.7,95.1,115.7,257.3,250.72,1003.3,16.8,15.4,5.4,14298,3574.5,2049.6,796.6,19.6,2.5,8.1,0.7,119.3,280.7,2517.4,4694.9,0.7,0.1,41.4,41,6,9.2,0.1,0.1,0,0,2.8,30.4,99.7,521,0.1,-0.4,0.1,-0.2,3.1,5.2,-4.4,0,5.08,0,0,0,0,6,2.1,904.9,2.99,0, 
268, eco17,12,1,-44.7,7634.7,30441,400,114,140.5,259.4,249.52,1003.8,17.4,14.8,5.2,14298.6,3574.6,2062.2,801.1,22.7,3,9.5,0.8,123.2,282.9,2530.6,4698,0.6,0.1,41.4,41,6,9.3,0.1,0.2,0.1,0.1,3.1,30.6,100.1,521.6,0.1,-0.5,0.1,-0.2,3.2,5.2,-4.4,0,5.08,0,0,0,0,7.4,2.6,905.3,2.98,0, 
269, eco17,12,1,43.6,7643.1,30335,321.4,91.6,111.1,261.1,250.12,1004.9,16.9,16.3,5.7,14246.4,3561.6,2075,805.7,19.4,2.4,7.7,0.6,120.2,283,2538.6,4701.2,0.7,0.1,41.3,40.8,6,9.3,0.1,0.1,0,0,2.8,30.6,100.5,522.2,0.1,-0.4,0.1,-0.1,3.1,5.2,-4.4,0,5.08,0,0,0,0,5.7,2,906.6,2.98,0, 
270, eco17,12,1,-33.3,7663.5,30316,392.1,111.7,137.6,263.3,249.14,1005.4,17.4,15.9,5.6,14237.9,3559.5,2088.5,810.5,22.5,3,9.3,0.9,123.7,284.9,2550.4,4704.4,0.7,0.1,41.3,40.8,6.1,9.4,0.1,0.2,0.1,0.1,3.1,30.8,100.9,522.8,0.1,-0.5,0.1,-0.2,3.2,5.2,-4.5,0,5.08,0,0,0,0,7.2,2.5,907.1,2.97,0, 
271, eco17,12,1,12.5,7678.2,30243,354.1,100.9,123.3,265.4,249.14,1006.3,17.3,16.5,5.8,14202.7,3550.7,2102.4,815.5,21.1,2.7,8.5,0.7,123.2,285.9,2561.5,4707.7,0.7,0.1,41.2,40.7,6.1,9.4,0.1,0.1,0,0,3,30.9,101.4,523.3,0.1,-0.4,0.1,-0.2,3.2,5.3,-4.5,0,5.08,0,0,0,0,6.4,2.2,908.1,2.97,0, 
272, eco17,12,1,-12.7,7696.5,30194,378.1,107.8,132.1,267.7,248.63,1007.1,17.5,16.8,5.9,14180.8,3545.2,2116.9,820.6,22.1,2.9,8.9,0.8,124.7,287.5,2573.5,4710.9,0.7,0.1,41.1,40.6,6.2,9.5,0.1,0.2,0,0,3.1,31.1,101.8,523.9,0.1,-0.4,0.1,-0.2,3.2,5.3,-4.5,0,5.08,0,0,0,0,6.8,2.4,908.9,2.96,0, 
273, eco17,12,1,-16.4,7716.4,30152,384.6,109.6,134.3,270.1,248.08,1007.8,17.7,17,6,14160.6,3540.2,2132.2,826,22.6,2.9,9.1,0.8,126.1,289.1,2587,4714.2,0.7,0.1,41,40.5,6.2,9.6,0.1,0.2,0,0,3.1,31.2,102.3,524.5,0.1,-0.4,0.1,-0.2,3.3,5.3,-4.5,0,5.08,0,0,0,0,7,2.4,909.6,2.96,0, 
274, eco17,12,1,-16.9,7736.9,30108,387.9,110.5,135.5,272.5,247.53,1008.5,17.8,17.3,6,14140.2,3535.1,2148,831.5,22.8,2.9,9.1,0.8,127.2,290.8,2601.4,4717.4,0.7,0.1,41,40.5,6.2,9.6,0.1,0.2,0,0,3.2,31.4,102.8,525.1,0.1,-0.4,0.1,-0.2,3.4,5.3,-4.6,0,5.08,0,0,0,0,7,2.4,910.4,2.95,0, 
275, eco17,12,1,-18.8,7758,30071,392.2,111.8,137.1,275,246.94,1009.3,17.9,17.5,6.1,14120.2,3530,2164.3,837.2,23,3,9.2,0.8,128.3,292.6,2616.4,4720.8,0.7,0.1,40.9,40.4,6.3,9.7,0.1,0.2,0,0.1,3.2,31.6,103.3,525.7,0.1,-0.5,0.1,-0.2,3.4,5.3,-4.6,0,5.08,0,0,0,0,7.1,2.4,911.1,2.94,0, 
276, eco17,12,1,-19.9,7779.7,30022,395.9,112.8,138.3,277.5,246.32,1010,18,17.7,6.2,14100,3525,2181.2,843.2,23.2,3,9.3,0.8,129.3,294.4,2631.9,4724.1,0.8,0.1,40.9,40.3,6.3,9.8,0.1,0.2,0.1,0.1,3.2,31.7,103.8,526.4,0.1,-0.5,0.1,-0.2,3.4,5.4,-4.6,0,5.08,0,0,0,0,7.1,2.5,911.9,2.94,0, 
277, eco17,12,1,-19.4,7801.8,29982,398.2,113.5,139.2,280,245.71,1010.8,18.2,17.9,6.3,14078.8,3519.7,2198.6,849.2,23.4,3,9.3,0.8,130.2,296.2,2647.9,4727.5,0.8,0.1,40.8,40.2,6.4,9.8,0.1,0.2,0.1,0.1,3.3,31.9,104.4,527,0.1,-0.5,0.1,-0.2,3.5,5.4,-4.7,0,5.08,0,0,0,0,7.2,2.5,912.6,2.93,0, 
278, eco17,12,1,-21.4,7824.5,29939,402.6,114.8,140.7,282.5,245.04,1011.5,18.3,18.1,6.3,14058,3514.5,2216.5,855.5,23.6,3,9.4,0.8,131.3,298.1,2664.3,4730.8,0.8,0.1,40.7,40.2,6.4,9.9,0.1,0.2,0.1,0.1,3.3,32.1,104.9,527.6,0.1,-0.5,0.1,-0.2,3.5,5.4,-4.7,0,5.08,0,0,0,0,7.3,2.5,913.4,2.92,0, 
279, eco17,12,1,-23.9,7848.1,29894,407.8,116.2,142.5,285.1,244.31,1012.2,18.4,18.2,6.4,14037.9,3509.5,2234.8,861.9,23.9,3.1,9.5,0.8,132.5,300,2681.3,4734.3,0.8,0.1,40.7,40.1,6.5,10,0.1,0.2,0.1,0.1,3.3,32.3,105.5,528.2,0.1,-0.5,0.1,-0.2,3.5,5.4,-4.7,0,5.08,0,0,0,0,7.4,2.5,914.1,2.91,0, 
280, eco17,12,1,-21.5,7872.3,29850,409,116.6,143.8,283.9,243.58,1012.9,18.6,17.6,6.2,14016.1,3504,2253.3,868.5,24.2,3.1,9.5,0.8,133.6,302.1,2698.9,4737.7,0.8,0.1,40.6,40,6.5,10,0.1,0.2,0.1,0.1,3.4,32.5,106.1,528.8,0.1,-0.5,0.1,-0.2,3.6,5.5,-4.8,0,5.08,0,0,0,0,7.4,2.5,914.8,2.9,0, 
281, eco17,12,1,-21.2,7896.2,29811,411,117.1,143.8,286.5,242.82,1013.6,18.6,17.7,6.2,13996.7,3499.2,2268.9,874.3,24.2,3.1,9.5,0.8,134.5,304,2716.5,4741.2,0.8,0.1,40.6,39.9,6.6,10.1,0.1,0.2,0.1,0.1,3.4,32.7,106.7,529.5,0.1,-0.5,0.1,-0.2,3.6,5.5,-4.8,0,5.08,0,0,0,0,7.4,2.6,915.5,2.89,0, 
282, eco17,12,1,-21.5,7920.2,29765,413.8,117.9,144.8,289.1,242.03,1014.3,18.7,17.7,6.2,13976.6,3494.1,2285.2,880.3,24.4,3.1,9.6,0.8,135.3,306,2734.2,4744.7,0.8,0.1,40.5,39.9,6.6,10.2,0.1,0.2,0.1,0.1,3.4,32.9,107.3,530.1,0.1,-0.5,0.1,-0.2,3.6,5.5,-4.9,0,5.08,0,0,0,0,7.5,2.6,916.2,2.88,0, 
283, eco17,12,1,-22.5,7944.7,29720,417.4,119,146.1,291.8,241.19,1014.9,18.9,17.7,6.2,13956.2,3489,2302.2,886.5,24.6,3.2,9.7,0.8,136.3,308,2752.1,4748.2,0.8,0.1,40.5,39.8,6.7,10.2,0.1,0.2,0.1,0.1,3.4,33.2,108,530.7,0.1,-0.5,0.1,-0.2,3.6,5.6,-4.9,0,5.08,0,0,0,0,7.6,2.6,916.9,2.87,0, 
284, eco17,12,1,-15.7,7968.1,29667,413.6,117.9,144.6,294.4,240.45,1015.6,18.9,17.9,6.3,13930.6,3482.7,2319.8,892.9,24.5,3.2,9.7,0.8,137,309.9,2769.5,4751.8,0.8,0.1,40.4,39.7,6.7,10.3,0.1,0.2,0.1,0.1,3.4,33.4,108.6,531.4,0.1,-0.5,0.1,-0.2,3.6,5.6,-4.9,0,5.08,0,0,0,0,7.5,2.6,917.6,2.87,0, 
285, eco17,12,1,28.2,7984.1,29555,374.4,106.7,130.2,296.8,240.47,1016.6,18.6,18.7,6.5,13877.2,3469.3,2337.8,899.4,22.5,2.9,9,0.8,135.3,310.7,2782.7,4755.3,0.8,0.1,40.2,39.5,6.8,10.4,0.1,0.2,0,0,3.2,33.5,109.2,532,0.1,-0.4,0.1,-0.2,3.5,5.6,-5,0,5.08,0,0,0,0,6.6,2.3,918.8,2.87,0, 
286, eco17,12,1,-9.5,8006.4,29485,410.2,116.9,143.3,299.8,239.73,1017.4,18.9,19,6.6,13844,3461,2356.7,906.2,24,3.2,9.8,0.9,137.3,312.5,2797.6,4758.9,0.8,0.1,40.1,39.4,6.8,10.5,0.1,0.2,0.1,0.1,3.3,33.7,109.8,532.7,0.1,-0.5,0.1,-0.2,3.5,5.7,-5,0,5.08,0,0,0,0,7.4,2.6,919.6,2.86,0, 
287, eco17,12,1,-13.3,8030.8,29420,417.8,119.1,146,303,238.96,1018.2,19.1,19.2,6.7,13812.6,3453.2,2376.4,913.2,24.6,3.3,10.1,0.9,139.1,314.6,2814.5,4762.6,0.8,0.1,40,39.3,6.9,10.5,0.1,0.2,0.1,0.1,3.4,33.9,110.4,533.4,0.1,-0.5,0.1,-0.2,3.6,5.7,-5,0,5.08,0,0,0,0,7.5,2.6,920.4,2.85,0, 
288, eco17,12,1,-15.3,8056.3,29351,423.2,120.6,148,306.2,238.15,1018.9,19.3,19.4,6.8,13781.5,3445.4,2397,920.5,25,3.3,10.3,0.9,140.7,316.8,2832.6,4766.2,0.8,0.1,39.9,39.2,7,10.6,0.1,0.2,0.1,0.1,3.5,34.1,111,534,0.1,-0.5,0.1,-0.2,3.7,5.8,-5.1,0,5.08,0,0,0,0,7.6,2.7,921.2,2.84,0, 
289, eco17,12,1,-15.9,8082.4,29287,427.2,121.8,149.4,309.4,237.33,1019.6,19.5,19.5,6.8,13749.8,3437.5,2418.4,928.1,25.2,3.4,10.4,0.9,142,319,2851.5,4769.9,0.8,0.1,39.9,39.1,7,10.7,0.1,0.2,0.1,0.1,3.5,34.4,111.7,534.7,0.1,-0.5,0.1,-0.2,3.7,5.8,-5.1,0,5.08,0,0,0,0,7.7,2.7,922,2.83,0, 
290, eco17,12,1,-8.7,8109,29204,424.8,121.1,150.1,304.7,236.54,1020.3,19.6,18.1,6.3,13713.4,3428.3,2440,935.8,25.5,3.3,10.4,0.9,143.2,321.2,2871,4773.6,0.8,0.1,39.7,39,7.1,10.8,0.1,0.2,0.1,0.1,3.5,34.6,112.3,535.4,0.1,-0.5,0.1,-0.2,3.7,5.8,-5.1,0,5.08,0,0,0,0,7.7,2.7,922.8,2.82,0, 
291, eco17,12,1,-11,8135,29141,428.8,122.2,150.2,308,235.66,1021,19.7,18,6.3,13684.1,3421,2455.3,941.9,25.6,3.4,10.5,0.9,144.1,323.3,2890.3,4777.4,0.8,0.1,39.7,38.9,7.1,10.9,0.1,0.2,0.1,0.1,3.6,34.8,113,536,0.1,-0.5,0.1,-0.2,3.7,5.9,-5.2,0,5.08,0,0,0,0,7.8,2.7,923.5,2.81,0, 
292, eco17,12,1,-6.9,8160.6,29073,427.8,121.9,149.9,311.1,234.81,1021.6,19.8,17.8,6.2,13651.1,3412.8,2471.8,948.3,25.6,3.3,10.4,0.9,144.8,325.4,2909.3,4781.1,0.8,0.1,39.6,38.8,7.2,10.9,0.1,0.2,0.1,0.1,3.6,35,113.7,536.7,0.1,-0.5,0.1,-0.2,3.8,5.9,-5.2,0,5.08,0,0,0,0,7.8,2.7,924.3,2.8,0, 
293, eco17,12,1,-6.7,8186.3,29001,430.2,122.6,150.8,314.3,233.92,1022.3,19.9,17.6,6.2,13616.4,3404.1,2489.6,955,25.7,3.4,10.5,0.9,145.6,327.4,2928.3,4784.9,0.8,0.1,39.5,38.7,7.2,11,0.1,0.2,0.1,0.1,3.6,35.3,114.4,537.4,0.1,-0.5,0.1,-0.2,3.8,5.9,-5.3,0,5.08,0,0,0,0,7.9,2.7,925,2.79,0, 
294, eco17,12,1,-10,8213,28928,436.1,124.3,153.1,317.5,232.92,1022.8,20,17.2,6,13582.4,3395.6,2508.3,962,26,3.4,10.7,0.9,146.8,329.7,2947.7,4788.8,0.7,0.1,39.4,38.6,7.3,11.1,0.1,0.2,0.1,0.1,3.6,35.5,115.1,538.1,0.1,-0.5,0.1,-0.2,3.8,6,-5.3,0,5.08,0,0,0,0,8,2.8,925.7,2.77,0, 
295, eco17,12,1,-10,8240.2,28852,439.5,125.3,154.5,320.7,231.85,1023.4,20.2,16.5,5.8,13547.3,3386.8,2528.1,969.2,26.3,3.5,10.8,1,148,331.9,2967.7,4792.6,0.7,0.1,39.3,38.5,7.3,11.2,0.1,0.2,0.1,0.1,3.6,35.7,115.8,538.8,0.1,-0.5,0.1,-0.2,3.8,6,-5.3,0,5.08,0,0,0,0,8.1,2.8,926.3,2.76,0, 
296, eco17,12,1,-8.5,8267.8,28767,441.5,125.8,155.5,324,230.73,1023.8,20.3,15.5,5.4,13510.3,3377.6,2548.7,976.7,26.5,3.5,10.9,1,149.2,334.2,2987.9,4796.5,0.7,0.1,39.2,38.4,7.4,11.3,0.1,0.2,0.1,0.1,3.7,36,116.6,539.5,0.1,-0.5,0.1,-0.2,3.9,6.1,-5.4,0,5.08,0,0,0,0,8.2,2.8,926.9,2.75,0, 
297, eco17,12,1,-5.1,8295.6,28683,441.8,125.9,156.2,327.3,229.53,1024.2,20.4,13.9,4.9,13470.1,3367.5,2570.1,984.5,26.8,3.6,11.1,1,150.4,336.5,3008.2,4800.5,0.6,0.1,39,38.2,7.5,11.3,0.1,0.2,0.1,0.1,3.7,36.2,117.3,540.2,0.1,-0.5,0.1,-0.2,3.9,6.1,-5.4,0,5.08,0,0,0,0,8.3,2.8,927.4,2.73,0, 
298, eco17,12,1,61.7,8311.3,28504,380.9,108.5,132.9,330.2,229.47,1025,19.9,14.3,5,13387.5,3346.9,2592,992.4,23.8,3.2,10,0.9,147.7,337.1,3022,4804.4,0.6,0.1,38.8,38,7.5,11.4,0.1,0.2,0.1,0.1,3.4,36.4,118,540.9,0.1,-0.5,0.1,-0.2,3.7,6.1,-5.5,0,5.08,0,0,0,0,7.1,2.4,928.5,2.73,0, 
299, eco17,12,1,-55.1,8346.5,28471,490.3,139.7,171.9,334.3,227.2,1025.1,20.8,14,4.9,13371.8,3343,2615.3,1000.7,28.7,4.1,12.4,1.2,153.7,340.6,3043.8,4808.4,0.6,0.1,38.8,37.9,7.6,11.5,0.2,0.2,0.1,0.1,3.8,36.7,118.7,541.6,0.1,-0.6,0.1,-0.2,3.8,6.2,-5.5,0,5.08,0,0,0,0,9.4,3.1,928.6,2.71,0, 
300, eco17,12,1,59.2,8365.3,28295,391.2,111.5,136.3,337.7,227.1,1025.8,20.3,14.6,5.1,13288.4,3322.1,2639.1,1009.3,24.6,3.3,10.5,1,150.9,341.6,3060.4,4812.4,0.6,0.1,38.5,37.7,7.7,11.6,0.1,0.2,0.1,0.1,3.5,36.8,119.4,542.4,0.1,-0.5,0.1,-0.2,3.8,6.2,-5.5,0,5.08,0,0,0,0,7.3,2.5,929.6,2.7,0, 
